Manufacturer Name,Model Number,Description,Maximum Continuous Output Power at Unity Power Factor,Nominal Voltage,Weighted Efficiency,Night Tare Loss,Power Rating. Continuous. 40 deg C,"Night
Tare Loss. 40 deg C",Voltage Minimum,Voltage Nominal,Voltage Maximum,Power Level,Power Level,Power Level,Power Level,Power Level,Power Level,Efficiency Vmin.,Efficiency Vmin.,Efficiency Vmin.,Efficiency Vmin.,Efficiency Vmin.,Efficiency Vmin.,Efficiency Vmin.,Efficiency Vnom,Efficiency Vnom,Efficiency Vnom,Efficiency Vnom,Efficiency Vnom,Efficiency Vnom,Efficiency Vnom,Efficiency Vmax,Efficiency Vmax,Efficiency Vmax,Efficiency Vmax,Efficiency Vmax,Efficiency Vmax,Efficiency Vmax
,,,(kW),(Vac),(%),(W),(kW),(W),(Vdc),(Vdc),(Vdc),10% (kW),20% (kW),30% (kW),50% (kW),75% (kW),100% (kW),10% Pwr Lvl (%),20% Pwr Lvl (%),30% Pwr Lvl (%),50% Pwr Lvl (%),75% Pwr Lvl (%),100% Pwr Lvl (%),Wtd (%),10% Pwr Lvl (%),20% Pwr Lvl (%),30% Pwr Lvl (%),50% Pwr Lvl (%),75% Pwr Lvl (%),100% Pwr Lvl (%),Wtd (%),10% Pwr Lvl (%),20% Pwr Lvl (%),30% Pwr Lvl (%),50% Pwr Lvl (%),75% Pwr Lvl (%),100% Pwr Lvl (%),Wtd (%)
Afore New Energy Technology (Shanghai) Co.. Ltd.,AF4.6K-DH [240V],4.6 kW. 240 Vac Grid Support Utility Interactive Inverter,4.6,240,96.5,0.55,,,170,360,480,0.460042,0.920084,1.380126,2.30021,3.450315,4.60042,90.03233333,93.54753333,95.19455,96.10776667,97.08726667,97.65756667,96.22377667,92.05363333,95.44438333,96.61555,97.19305,97.60151667,97.91833333,97.0834915,91.39571667,94.45698333,95.607,96.40388333,97.39653333,97.7534,96.604166
Afore New Energy Technology (Shanghai) Co.. Ltd.,AF5K-DH [240V],5 kW. 240 Vac Grid Support Utility Interactive Inverter,4.998,240,96.5,0.54,,,185,360,480,0.499769,0.999538,1.499307,2.498845,3.7482675,4.99769,90.47843333,93.2137,95.14003333,96.06938333,96.99255,97.64243333,96.15937,92.4052,95.3595,96.3498,97.33385,97.70118333,97.8953,97.14265967,92.1092,94.45743333,96.02503333,96.93888333,97.28178333,97.73723333,96.733616
Afore New Energy Technology (Shanghai) Co.. Ltd.,AF6K-DH [240V],6 kW. 240 Vac Grid Support Utility Interactive Inverter,5.995,240,96.5,0.55,,,220,360,480,0.599487,1.198974,1.798461,2.997435,4.4961525,5.99487,89.6111,93.12753333,95.08441667,95.91388333,96.79753333,97.56285,95.97370133,91.56346667,95.24593333,96.3148,97.02603333,97.45031667,97.68465,96.89097867,90.44696667,94.25041667,95.2582,96.07395,97.36006667,97.52381667,96.41393917
Afore New Energy Technology (Shanghai) Co.. Ltd.,AF7K-DH [240V],7 kW. 240 Vac Grid Support Utility Interactive Inverter,6.996,240,96.5,0.55,,,170,360,480,0.699647,1.399294,2.098941,3.498235,5.2473525,6.99647,90.39291667,93.16995,95.04053333,95.87865,97.06313333,97.80248333,96.1471795,91.79581667,94.73636667,95.9576,97.35078333,97.62,98.02091667,97.00687333,90.94215,94.22443333,95.33106667,97.26536667,97.57696667,97.90831667,96.82557083
Afore New Energy Technology (Shanghai) Co.. Ltd.,AF7.6K-DH [240V],7.6 kW. 240 Vac Grid Support Utility Interactive Inverter,7.599,240,96.5,0.55,,,185,360,480,0.759929,1.519858,2.279787,3.799645,5.6994675,7.59929,90.58156667,93.924,95.08116667,95.93765,96.85048333,97.34325,96.07402783,92.23851667,94.55705,95.50596667,96.35155,97.29948333,97.7191,96.56661583,91.26075,94.65588333,95.40066667,96.37225,97.14601667,97.55318333,96.43452467
Afore New Energy Technology (Shanghai) Co.. Ltd.,AF8K-DH [240V],8 kW. 240 Vac Grid Support Utility Interactive Inverter,7.999,240,96.5,0.64,,,195,360,480,0.799859,1.599718,2.399577,3.999295,5.9989425,7.99859,91.82216667,93.64,95.1025,96.11705,97.21166667,97.56275,96.352088,92.42345,95.30103333,96.37201667,97.15625,97.48205,97.96021667,96.9929415,91.39476667,94.49463333,95.40628333,96.70138333,97.51721667,97.75238333,96.70831083
Afore New Energy Technology (Shanghai) Co.. Ltd.,AF8.6K-DH [240V],8.6 kW. 240 Vac Grid Support Utility Interactive Inverter,8.596,240,97,0.58,,,210,360,480,0.859563,1.719126,2.578689,4.297815,6.4467225,8.59563,92.39628333,94.49093333,95.23935,96.215,97.35748333,97.78141667,96.542807,93.49175,95.42393333,96.53408333,97.34848333,97.64488333,97.95155,97.18750383,93.2217,95.1588,95.55588333,96.71036667,97.55535,97.90383333,96.86221817
Afore New Energy Technology (Shanghai) Co.. Ltd.,AF9.6K-DH [240V],9.6 kW. 240 Vac Grid Support Utility Interactive Inverter,9.592,240,96.5,0.65,,,235,360,480,0.9592,1.9184,2.8776,4.796,7.194,9.592,90.0006,93.7166,95.2164,96.0942,97.1032,97.8688,96.24974,91.9548,95.489,96.5298,97.3018,97.623,97.9692,97.108246,91.4432,94.7028,95.6808,96.6654,97.5238,97.776,96.750712
AIMS Power Inc.,PIHY4600 [240V],4.6 kW. 240 Vac. Grid Support Utility Interactive Inverter,4.60042,240,96.5,0.55,,,170,360,480,0.460042,0.920084,1.380126,2.30021,3.450315,4.60042,90.03233333,93.54753333,95.19455,96.10776667,97.08726667,97.65756667,96.22377667,92.05363333,95.44438333,96.61555,97.19305,97.60151667,97.91833333,97.0834915,91.39571667,94.45698333,95.607,96.40388333,97.39653333,97.7534,96.604166
AIMS Power Inc.,PIHY9600 [240V],9.6 kW. 240 Vac. Grid Support Utility Interactive Inverter,9.592,240,96.5,0.65,,,235,360,480,0.9592,1.9184,2.8776,4.796,7.194,9.592,90.0006,93.7166,95.2164,96.0942,97.1032,97.8688,96.24974,91.9548,95.489,96.5298,97.3018,97.623,97.9692,97.108246,91.4432,94.7028,95.6808,96.6654,97.5238,97.776,96.750712
Darfon Electronics Corp.,HB51xxxxxx [240V],"5000 W. 240 Vac. Grid Support Utility Interactive Battery Inverter. where x = 0-9. A-Z or blank. (0-9 for color, A-Z for customer). Inverter is capable of PCS functionality.",4.665,240,90,0.6021,,,48,53,56.5,0.4664804,0.9329608,1.3994412,2.332402,3.498603,4.664804,82.117948,89.1570854,90.2157694,90.0062994,88.7865626,86.8903732,88.87118423,82.0053938,89.6871098,91.1703254,91.382553,90.5542876,89.4695026,90.36259398,80.8863796,89.1741172,90.992483,91.4401306,91.1443522,90.1806668,90.63122644
Darfon Electronics Corp.,H5001xxxxxx [240V],"5000 W. 240 Vac. Hybrid PV and Battery Grid Support Utility Interactive Inverter. where x = 0-9. A-Z or blank. (0-9 for color, A-Z for customer). Inverter is capable of PCS functionality.",4.84,240,94.5,28.48,,,300,360,380,0.4844174,0.9688348,1.4532522,2.422087,3.6331305,4.844174,86.7,92.8,94.4,95.2,95.1,94.4,94.5,87.1,93.2,94.6,95.5,95.4,94.8,94.8,87.2,93.2,94.7,95.5,95.3,94.8,94.8
Darfon Electronics Corp.,H5000xxxxxx [240V],"5000 W. 240 Vac. Hybrid PV and Battery Grid support Utility Interactive Inverter with PCS functionality. where x = 0-9. A-Z or blank. (0-9 for color, A-Z for customer). Inverter is capable of PCS functionality.",5.074,240,95.5,0.43,,,300,360,380,0.508,1.016,1.524,2.54,3.81,5.076,89.2283384,93.7362598,94.9074236,95.7518226,95.8863224,95.612957,95.35311883,89.4891252,93.9485618,95.256629,95.913851,96.0337974,95.8858428,95.54190205,89.3176694,94.0048214,95.202498,95.9476754,96.0160956,95.9196038,95.5307703
Darfon Electronics Corp.,H7xxxxxx [240V],"9600 W. 240 Vac. Grid Support Utility Interactive Inverter. where x = 0-9. A-Z or blank. (0-9 for color, A-Z for customer) ",9.60401,240,96.5,26.9,,,230,360,410,0.960401,1.920802,2.881203,4.802005,7.2030075,9.60401,91.39757,94.70780667,95.70947889,96.12713778,96.21569667,96.02298667,95.8585981,92.06342444,95.55112222,96.36263889,96.84357556,96.80987,96.57025778,96.49850461,92.32957778,95.68878111,96.55808,97.00527,96.96583111,96.70953889,96.6630659
Delta Electronics,E4-TL-US [240V],3840 W. 240 Vac. transformerless. Bi-directional. Multi-mode Grid Support Utility Interactive Solar and Energy Storage Inverter,3.87,240,97.5,1.27,,,200,380,400,0.386958,0.773916,1.160874,1.93479,2.902185,3.86958,92.85728571,95.3032381,96.08161905,97.00795238,97.34328571,97.36090476,96.84090429,95.30247619,97.10485714,97.72614286,98.09328571,98.14290476,98.11138095,97.91537762,94.285,96.45361905,97.27733333,97.8607619,98.0037619,97.94480952,97.65735524
Delta Electronics,E4-TL-US(AC) [240V],3840 W. 240 Vac Transformerless Grid Support Utility Interactive Energy Storage Inverter,3.888,240,98.5,1.28,,,350,400,480,0.388756,0.777512,1.166268,1.94378,2.91567,3.88756,95.94809524,97.61442857,98.15304762,98.40671429,98.61461905,98.39238095,98.3477881,95.47571429,97.3497619,97.97661905,98.37157143,98.71195238,98.51771429,98.34496143,94.65704762,96.79928571,97.543,98.10357143,98.616,98.42519048,98.12089571
Delta Electronics,E4_BDI [240V],3480 W. 240 Vac. transformerless Grid Support Utility Interactive Hybrid Inverter capable of receiving input from EVSE Box,3.89818,240,97,1.3,,,280,380,480,0.389818,0.779636,1.169454,1.94909,2.923635,3.89818,92.77237886,95.44198708,96.4856489,97.12498822,97.36472742,97.42883036,96.93226696,93.25206181,96.15204182,97.05693156,97.68761848,97.8588772,97.92505621,97.46037396,90.50517467,94.68916318,96.10848301,97.2209251,97.55718515,97.67179207,96.89297511
Delta Electronics,E6-TL-US(AC) [240V],5000 W. 240 Vac. transformerless. Bi-dierctional. Muti-mode Grid Support Utility Interactive Energy Storage Inverter,5,240,98,2.05,,,350,400,480,0.5,1,1.5,2.5,3.75,5,96.48090476,97.58457143,98.11671429,98.47357143,98.3237619,97.93509524,98.20026905,95.89380952,97.55080952,98.00838095,98.45066667,98.35033333,98.1237619,98.18080333,94.87180952,96.93409524,97.58580952,98.19490476,98.16728571,97.9672381,97.89982762
Delta Electronics,E6-TL-US [240V],5760 W. 240 Vac. transformerless. Bi-dierctional. Muti-mode Grid Support Utility Interactive Solar and Energy Storage Inverter,5.76,240,97.5,2.25,,,200,380,480,0.576,1.152,1.728,2.88,4.32,5.76,93.96362597,95.73244638,96.53280768,97.11834865,97.06237799,96.77455357,96.80574551,96.25743445,97.61499419,97.98194816,98.08144062,97.68044061,97.62673032,97.73795344,95.23856998,96.98250906,97.53566441,97.8342096,97.75479415,97.45850221,97.59109801
Delta Electronics,E6_BDI [240V],5760 W. 240 Vac. transformerless Grid Support Utility Interactive Hybrid Inverter capable of receiving input from EVSE Box,5.823,240,97.5,3.56,,,280,380,480,0.582266,1.164532,1.746798,2.91133,4.366995,5.82266,94.38060855,96.51665235,97.11302375,97.2899047,97.40382714,97.38489928,97.17877314,95.19177312,96.98238081,97.61724508,97.87717766,97.87935682,97.84990387,97.69362099,93.38121327,96.12099477,97.09155357,97.57896619,97.68935561,97.67435306,97.34294373
Delta Electronics,E8-TL-US(AC) [240V],6500 W. 240 Vac. transformerless. Bi-dierctional. Muti-mode Grid Support Utility Interactive Energy Storage Inverter,6.494,240,98,2.1,,,350,400,480,0.65,1.3,1.95,3.25,4.875,6.5,96.564,97.95338095,98.17309524,98.38247619,98.29619048,98.08561905,98.20258238,95.99409524,97.6827619,98.11819048,98.37119048,98.35938095,98.09228571,98.19112095,95.036,97.14557143,97.74442857,98.11547619,98.17819048,97.91409524,97.92244571
Delta Electronics,E8-TL-US [240V],7680 W. 240 Vac. transformerless. Bi-dierctional. Muti-mode Grid Support Utility Interactive Solar and Energy Storage Inverter,7.68,240,97.5,1.19,,,270,380,480,0.768,1.536,2.304,3.84,5.76,7.68,95.22024476,96.78647652,97.36048434,97.66152787,97.51470674,97.06328333,97.37627133,96.55705827,97.76815417,98.09169357,98.16443529,97.99707522,97.64044328,97.95669671,95.55328057,97.21356261,97.73387302,97.94762189,97.84806943,97.50177996,97.71444051
Delta Electronics,E8 Plus-TL-US [240V],7680 W. 240 Vac Transformerless Grid Support Utility Interactive Hybrid Inverter.,7.715968991,240,97.5,2.72,,,280,380,480,0.771596899,1.543193798,2.314790697,3.857984496,5.786976743,7.715968991,94.85755569,96.60911437,96.81204921,97.01412912,96.92935866,96.68928876,96.82219549,96.13577453,97.48477315,97.79233587,97.8645711,97.77627351,97.64456309,97.70996299,92.94700795,96.8614283,97.40259507,97.66088253,97.6154732,97.50536992,97.36951777
Delta Electronics,E8_BDI [240V],7680 W. 240 Vac. transformerless Grid Support Utility Interactive Hybrid Inverter capable of receiving input from EVSE Box,7.716,240,97.5,2.72,,,280,380,480,0.771596899,1.543193798,2.314790697,3.857984496,5.786976743,7.715968991,94.85755569,96.60911437,96.81204921,97.01412912,96.92935866,96.68928876,96.82219549,96.13577453,97.48477315,97.79233587,97.8645711,97.77627351,97.64456309,97.70996299,92.94700795,96.8614283,97.40259507,97.66088253,97.6154732,97.50536992,97.36951777
Delta Electronics,E8 Plus-TL-US(AC) [240V],7680 W. 240 Vac Transformerless Grid Support Utility Interactive Energy Storage Inverter.,7.72,240,98,3.21,,,350,400,480,0.772,1.544,2.316,3.86,5.79,7.72,96.93072548,97.96526628,98.22767896,98.33893482,98.24076036,98.09400066,98.18629315,96.21372857,97.69275179,98.02624028,98.20545785,98.13804825,97.96954315,98.03112444,94.87140107,97.06221102,97.6391482,97.95083551,97.94773721,97.78399798,97.73584045
Delta Electronics,E10-TL-US(AC) [240V],9600 W. 240 Vac. transformerless Grid Support Utility Interactive Energy Storage Inverter,9.6318,240,98,3.14,,,350,400,480,0.96318,1.92636,2.88954,4.8159,7.22385,9.6318,97.23512674,98.12565402,98.29556513,98.27530994,98.11283114,97.87314796,98.12242858,96.7547152,97.88735799,98.25764021,98.16306854,98.0355789,97.79521523,98.0183353,95.7886265,97.39951918,97.81565019,97.96728331,97.88090383,97.63891353,97.77135324
Delta Electronics,E10_BDI [240V],9600 W. 240 Vac. transformerless Grid Support Utility Interactive Hybrid Inverter capable of receiving input from EVSE Box,9.674,240,97.5,1.38,,,280,380,480,0.96742,1.93484,2.90226,4.8371,7.25565,9.6742,96.07409524,97.0987619,97.36152381,97.49252381,97.32104762,96.99757143,97.28474857,97.04395238,97.7732381,97.92690476,97.8347619,97.60614286,97.36661905,97.66653524,96.15509524,97.37795238,97.67571429,97.7252381,97.49704762,97.26009524,97.49492714
Delta Electronics,E10-TL-US [240V],9600 W. 240 Vac. transformerless Grid Support Utility Interactive Solar and Energy Storage Inverter,9.674,240,97.5,1.38,,,280,380,480,0.96742,1.93484,2.90226,4.8371,7.25565,9.6742,96.07409524,97.0987619,97.36152381,97.49252381,97.32104762,96.99757143,97.28474857,97.04395238,97.7732381,97.92690476,97.8347619,97.60614286,97.36661905,97.66653524,96.15509524,97.37795238,97.67571429,97.7252381,97.49704762,97.26009524,97.49492714
Enphase Energy Inc.,IQ8X-BAT-US [240V],315 VA. 240 V. Grid Support Utility Interactive Microinverter for use in Enphase's energy storage system,0.318,240,96.5,0.024,,,52.5,63,73.5,0.0317757,0.0635514,0.0953271,0.1588785,0.23831775,0.317757,88.11941708,93.97119519,96.15464233,97.39973134,97.48278596,97.20077842,96.74175258,87.77117233,93.41224892,95.68728342,97.19951358,97.43678455,97.2642303,96.58053853,87.06936914,92.80864764,95.29292723,96.99578322,97.30870908,97.17521956,96.35984968
Enphase Energy Inc.,IQ8X-BAT-US-NB [240V],315 VA. 240 V. Grid Support Utility Interactive Microinverter for use in Enphase's storage system,0.318,240,96.5,0.024,,,52.5,63,73.5,0.0317757,0.0635514,0.0953271,0.1588785,0.23831775,0.317757,88.11941708,93.97119519,96.15464233,97.39973134,97.48278596,97.20077842,96.74175258,87.77117233,93.41224892,95.68728342,97.19951358,97.43678455,97.2642303,96.58053853,87.06936914,92.80864764,95.29292723,96.99578322,97.30870908,97.17521956,96.35984968
Fortress Power LLC,FP-ENVY-12K [240V],12 kW. 240 Vac Grid Support Hybrid Utility Interactive Inverter,11.93256,240,97,14.29,,,230,360,480,1.193256,2.386512,3.579768,5.96628,8.94942,11.93256,95.02461324,96.09808566,96.53961038,96.49582192,96.12595562,95.90053688,96.19654799,96.59250222,97.19416049,97.51016782,97.3417097,97.23649914,97.10365026,97.25691435,95.81725156,97.00767822,97.4220601,97.26406569,97.13853106,97.03528522,97.1343607
FOXESS CO.. LTD,H1-3.8-US [240V],3.8 kW. 240 Vac. Bi-directional. Transformerless Grid Support Utility Interactive Inverter,3.713042,240,96,27.23,,,204,380,480,0.3713042,0.7426084,1.1139126,1.856521,2.7847815,3.713042,88.75706601,93.13189894,94.74026703,95.8237777,96.41539836,96.56256227,95.62699219,90.64597044,94.55683078,95.5930342,96.52025797,97.31277753,97.20100836,96.52992114,87.33780537,93.6470265,95.42730424,96.41418693,97.32820429,97.49614938,96.33287505
FOXESS CO.. LTD,AC1-3.8-US [240V],3.8 kW. 240 Vac Bi-directional. Transformerless Grid Support Utility Interactive Inverter,3.737954,240,95.5,27.23,,,95,360,460,0.3737954,0.7475908,1.1213862,1.868977,2.8034655,3.737954,86.3321529,92.18329476,93.82147501,95.11522837,95.60330238,95.66053931,94.74800304,87.97817796,93.50083692,95.03129997,96.3382082,97.00313976,97.26045942,96.10363573,85.21066233,92.23727824,94.29581121,95.81337079,96.60651962,96.92135808,95.50411892
FOXESS CO.. LTD,AC1-5.7-US [240V],5.7 kW. 240 Vac Bi-directional. Transformerless Grid Support Utility Interactive Inverter,5.723476,240,96.5,27.23,,,140,360,460,0.5723476,1.1446952,1.7170428,2.861738,4.292607,5.723476,89.66597729,94.20660153,95.28587184,96.15234689,96.40180115,96.43225309,95.8378339,91.40089884,95.14780878,96.15143605,97.03133951,97.34589109,97.42470029,96.79273731,89.88214924,94.41115037,95.64896447,96.62007109,97.06438635,97.19901653,96.38800975
FOXESS CO.. LTD,H1-5.7-US [240V],5.7 kW. 240 Vac. Bi-directional. Transformerless Grid Support Utility Interactive Inverter,5.74818,240,97,27.23,,,204,380,480,0.574818,1.149636,1.724454,2.87409,4.311135,5.74818,90.88079494,94.80984874,95.76323535,96.47528617,96.73855874,96.70302669,96.23371004,91.5018411,95.64648115,97.21684042,97.63785731,97.86799984,97.77096155,97.37095658,89.8373196,95.63401484,96.46440309,97.20916817,97.4788105,97.59503677,96.90836861
FOXESS CO.. LTD,AC1-7.6-US [240V],7.6 kW. 240 Vac Bi-directional. Transformerless Grid Support Utility Interactive Inverter,7.564112,240,96.5,27.23,,,190,360,460,0.7564112,1.5128224,2.2692336,3.782056,5.673084,7.564112,91.31180694,95.21426903,96.07391908,96.68760104,96.84193856,96.77969684,96.41166451,93.58475074,95.9114066,96.69028724,97.28207773,97.42468215,97.37950542,97.07508796,91.92713925,95.2615193,96.18010203,96.9514501,97.18842064,97.17682668,96.71028257
FOXESS CO.. LTD,H1-7.6-US [240V],7.6 kW. 240 Vac. Bi-directional. Transformerless Grid Support Utility Interactive Inverter,7.72034,240,97,27.23,,,271,380,480,0.772034,1.544068,2.316102,3.86017,5.790255,7.72034,93.49961605,95.79985986,96.54072098,97.04824036,97.1100957,96.89744126,96.80821741,93.87215398,96.83057465,97.07523253,97.4310576,97.29299916,97.66793303,97.1546511,92.41257578,96.31517832,97.06563691,97.61009525,97.73104432,97.51492102,97.33145792
FOXESS CO.. LTD,AC1-9.6-US [240V],9.6 kW. 240 Vac Bi-directional. Transformerless Grid Support Utility Interactive Inverter,9.41861,240,97,27.23,,,235,360,460,0.941861,1.883722,2.825583,4.709305,7.0639575,9.41861,93.06570484,96.00251195,96.60899541,97.0186957,97.0386788,96.90680118,96.76559916,94.05230448,96.37424482,97.00600993,97.39163438,97.38903237,97.25827805,97.15286989,93.13088853,95.80751171,96.57669241,97.11735288,97.18174085,97.03686176,96.85762406
FOXESS CO.. LTD,H1-9.6-US [240V],9.6 kW. 240 Vac. Bi-directional. Transformerless Grid Support Utility Interactive Inverter,9.609126,240,97,27.23,,,257,380,480,0.9609126,1.9218252,2.8827378,4.804563,7.2068445,9.609126,94.01511112,96.18000583,96.73016025,97.04588407,96.98536202,96.78406215,96.7983046,95.64406757,97.14702992,97.16169176,97.47124879,97.32241999,97.1525119,97.24998765,94.70561333,96.55016245,97.25612551,97.57419554,97.64052118,97.26192885,97.38962145
FOXESS CO.. LTD,AC1-11.4-US [240V],11.4 kW. 240 Vac. Bi-directional. Transformerless Grid Support Utility Interactive Inverter,11.43969,240,97,27.23,,,280,360,460,1.143969,2.287938,3.431907,5.719845,8.5797675,11.43969,94.74280012,96.73863075,97.12875432,97.3109011,97.20845243,97.02987731,97.08935695,95.19378162,96.96600862,97.34930323,97.50598266,97.40639634,97.16566015,97.29789751,94.40929555,96.44033295,96.99490331,97.2930947,97.22014429,96.88801069,97.04040376
FOXESS CO.. LTD,H1-11.4-US [240V],11.4 kW. 240 Vac. Bi-directional. Transformerless Grid Support Utility Interactive Inverter,11.51192,240,97.5,27.23,,,305,380,480,1.151192,2.302384,3.453576,5.75596,8.63394,11.51192,95.50052645,96.97968629,97.28339569,97.36027983,97.18043236,96.93013972,97.14080775,96.23521835,97.3839887,97.76966829,97.5626337,97.42344951,97.42116381,97.44460787,95.78111224,97.27164331,97.63517577,97.69673002,97.63847041,97.14960095,97.53323041
Fronius International GmbH,Primo GEN24 3.8 208-240 [240V],3.8 kW. 240 Vac Grid Support Utility Interactive PV and Battery (requires purchasing of a software package) Inverter with arc detector. PLC transmitter. and meter,3.802,240,96.5,8.3,,,200,400,480,0.380182,0.760364,1.140546,1.90091,2.851365,3.80182,89.02852381,93.99285714,95.26838095,96.14204762,96.561,96.67238095,95.89376857,93.39595238,96.26961905,97.0027619,97.47071429,97.64614286,97.65528571,97.29372048,91.80080952,95.685,96.59428571,97.21766667,97.43028571,97.46704762,96.97471048
Fronius International GmbH,Primo GEN24 3.8 208-240 Plus [240V],3.8 kW. 240 Vac Hybrid Grid Support Utility Interactive Inverter with arc detector. PLC transmitter. and meter,3.802,240,96.5,8.3,,,200,400,480,0.380182,0.760364,1.140546,1.90091,2.851365,3.80182,89.02852381,93.99285714,95.26838095,96.14204762,96.561,96.67238095,95.89376857,93.39595238,96.26961905,97.0027619,97.47071429,97.64614286,97.65528571,97.29372048,91.80080952,95.685,96.59428571,97.21766667,97.43028571,97.46704762,96.97471048
Fronius International GmbH,Primo GEN24 5.0 208-240 [240V],5 kW. 240 Vac Grid Support Utility Interactive PV and Battery (requires purchasing of a software package) Inverter with arc detector. PLC transmitter. and meter,5.007,240,97,8.3,,,230,400,480,0.50072,1.00144,1.50216,2.5036,3.7554,5.0072,91.49809524,95.117,95.99809524,96.48633333,96.84571429,96.87114286,96.36946095,94.71833333,96.7822381,97.2832381,97.64052381,97.63495238,97.58933333,97.43233524,93.55561905,96.30033333,96.96742857,97.39738095,97.46080952,97.41628571,97.17182619
Fronius International GmbH,Primo GEN24 5.0 208-240 Plus [240V],5 kW. 240 Vac Hybrid Grid Support Utility Interactive Inverter with arc detector. PLC transmitter. and meter,5.007,240,97,8.3,,,230,400,480,0.50072,1.00144,1.50216,2.5036,3.7554,5.0072,91.49809524,95.117,95.99809524,96.48633333,96.84571429,96.87114286,96.36946095,94.71833333,96.7822381,97.2832381,97.64052381,97.63495238,97.58933333,97.43233524,93.55561905,96.30033333,96.96742857,97.39738095,97.46080952,97.41628571,97.17182619
Fronius International GmbH,Primo GEN24 6.0 208-240 [240V],6 kW. 240 Vac Grid Support Utility Interactive PV and Battery (requires purchasing of a software package) Inverter with arc detector. PLC transmitter. and meter,6.004,240,97,8.3,,,230,400,480,0.60044,1.20088,1.80132,3.0022,4.5033,6.0044,92.65880952,95.61819048,96.22038095,96.72809524,96.86290476,96.78995238,96.52344476,95.36509524,97.04180952,97.42490476,97.62961905,97.62214286,97.50019048,97.4746481,94.45452381,96.64,97.127,97.44352381,97.43595238,97.29661905,97.23444667
Fronius International GmbH,Primo GEN24 6.0 208-240 Plus [240V],6 kW. 240 Vac Hybrid Grid Support Utility Interactive Inverter with arc detector. PLC transmitter. and meter,6.004,240,97,8.3,,,230,400,480,0.60044,1.20088,1.80132,3.0022,4.5033,6.0044,92.65880952,95.61819048,96.22038095,96.72809524,96.86290476,96.78995238,96.52344476,95.36509524,97.04180952,97.42490476,97.62961905,97.62214286,97.50019048,97.4746481,94.45452381,96.64,97.127,97.44352381,97.43595238,97.29661905,97.23444667
Generac Power Systems,X7602 [240V],7.6 kW. 240 Vac Grid Support Utility Interactive Inverter with PCS Functionality,7.586,240,96.5,1.2917,,,390,400,420,0.759,1.517,2.276,3.793,5.689,7.586,91.67,95.89,96.62,97.26,97.24,97.04,96.87,91.01,95.4,96.52,97.26,97.15,97.01,96.75,90.48,95.21,96.33,96.86,97.02,96.91,96.55
Generac Power Systems,XVT076A03 [240V],"7.6 kW. 240 Vac Grid Support Utility Interactive Inverter with PCS Functionality
",7.839,240,97,1.29,,,390,400,420,0.78386,1.56772,2.35158,3.9193,5.87895,7.8386,93.67757166,95.99869592,96.53258417,97.20360643,97.16032128,97.10469096,96.89390994,92.82343581,95.60831253,96.66810351,97.21286878,97.22308001,97.13374828,96.89314774,92.2887256,95.33200469,96.19021584,96.98658854,97.12995942,97.01891081,96.69798279
Ginlong Technologies Co.. Ltd.,RHI-1P5K-HVES-5G [240V],5 kW. 240 Vac. 1-phase Grid Support Utility Interactive PV and Battery Inverter   ,5.003,240,97.5,1,,,115,330,450,0.5,1.001,1.501,2.501,3.752,5.003,95.12,96.18,96.94,97.37,97.18,96.63,97.03,95.66,97.24,97.42,97.55,97.7,96.96,97.49,95.38,96.75,97.61,97.82,97.85,97.71,97.65
Ginlong Technologies Co.. Ltd.,RHI-1P6K-HVES-5G [240V],6 kW. 240 Vac. 1-phase Grid Support Utility Interactive PV and Battery Inverter   ,6.004,240,97.5,1,,,130,330,450,0.6,1.201,1.801,3.002,4.503,6.004,94.9,96.12,96.76,97.3,97.32,96.48,97.05,95.55,96.98,97.4,97.42,97.37,97.95,97.32,95.31,96.91,97.48,97.59,97.58,97.58,97.45
Ginlong Technologies Co.. Ltd.,RHI-1P7K-HVES-5G [240V],7 kW. 240 Vac. 1-phase Grid Support Utility Interactive PV and Battery Inverter   ,7.006,240,97.5,1,,,160,330,450,0.701,1.401,2.102,3.503,5.254,7.006,94.96,96.16,96.83,97.36,97.35,96.54,97.1,95.58,97.01,97.43,97.5,97.51,97.04,97.37,95.32,96.96,97.52,97.66,97.6,97.6,97.48
Ginlong Technologies Co.. Ltd.,RHI-1P7.6K-HVES-5G [240V],7.6 kW. 240 Vac. 1-phase Grid Support Utility Interactive PV and Battery Inverter   ,7.603,240,97.5,1,,,175,330,450,0.76,1.521,2.281,3.801,5.702,7.603,95.05,96.16,96.89,97.34,97.15,96.58,97,95.63,97.18,97.48,97.78,97.35,97.9,97.4,95.36,96.75,97.61,97.82,97.85,97.71,97.66
Ginlong Technologies Co.. Ltd.,RHI-1P8K-HVES-5G [240V],8 kW. 240 Vac. 1-phase Grid Support Utility Interactive PV and Battery Inverter   ,8.006,240,97.5,1,,,185,330,450,0.801,1.601,2.402,4.003,6.004,8.006,95.12,96.18,96.94,97.37,97.18,96.63,97.03,95.66,97.24,97.42,97.55,97.7,96.96,97.49,95.38,96.75,97.61,97.82,97.85,97.71,97.65
Ginlong Technologies Co.. Ltd.,RHI-1P9K-HVES-5G [240V],9 kW. 240 Vac. 1-phase Grid Support Utility Interactive PV and Battery Inverter   ,9.006,240,97.5,1,,,210,330,450,0.901,1.801,2.702,4.503,6.754,9.006,95.14,96.75,97,97.49,97.37,97,97.21,95.72,97.27,97.45,97.61,97.75,97.11,97.55,95.58,96.74,97.66,97.82,97.82,97.71,97.65
Ginlong Technologies Co.. Ltd.,RHI-1P10K-HVES-5G [240V],10 kW. 240 Vac. 1-phase Grid Support Utility Interactive PV and Battery Inverter   ,10.005,240,97.5,1,,,230,330,450,1,2.001,3.001,5.002,7.504,10.005,95.18,96.78,97.08,97.55,97.61,97.06,97.37,95.3,96.32,97.58,97.66,97.73,97.21,97.5,95.6,96.8,97.68,97.79,97.81,97.71,97.65
GoodWe Technologies Co.. Ltd.,GEC5.0-1U-US20 [240V],5 kW. 240 Vac. Bi-directional. Transformerless Grid Support Utility Interactive Battery Inverter. with PCS functionality.,4.9828,240,96,5.6,,,105,300,495,0.49828,0.99656,1.49484,2.4914,3.7371,4.9828,93.02857143,95.17857143,95.41857143,95.81,95.61,94.39285714,95.44334286,94.29,95.99857143,96.25428571,96.49857143,96.22428571,96.62714286,96.21697143,94.24,95.82285714,96.33857143,96.59285714,96.54285714,96.36714286,96.39194286
GoodWe Technologies Co.. Ltd.,GW5000-SBP-US20 [240V],5 kW. 240 Vac. Bi-directional. Transformerless Grid Support Utility Interactive Battery Inverter. with PCS functionality.,4.9828,240,96,5.6,,,105,300,495,0.49828,0.99656,1.49484,2.4914,3.7371,4.9828,93.02857143,95.17857143,95.41857143,95.81,95.61,94.39285714,95.44334286,94.29,95.99857143,96.25428571,96.49857143,96.22428571,96.62714286,96.21697143,94.24,95.82285714,96.33857143,96.59285714,96.54285714,96.36714286,96.39194286
GoodWe Technologies Co.. Ltd.,GW5000H-ES [240V],"5 kW. 240 Vac. Bi-directional Grid Support Utility Interactive PV and Battery Inverter
",4.989,240,95.5,47.36,,,300,400,480,0.499,0.998,1.497,2.495,3.742,4.989,87.29,92.59,94.36,95.51,95.76,95.68,95.04,88.08,93.35,94.82,95.82,96.09,96.05,95.42,87.62,93.17,94.65,95.74,96.09,96.02,95.36
GoodWe Technologies Co.. Ltd.,GEH5.0-1U-US20 [240V],5 kW. 240 Vac. Bi-directional. Transformerless Grid Support Utility Interactive PV and Battery Inverter. with PCS functionality.,5.0047,240,97,5.62,,,235,390,500,0.50047,1.00094,1.50141,2.50235,3.753525,5.0047,93.85857143,96.22857143,96.62142857,97.16285714,97.05714286,96.95142857,96.8524,95.34571429,96.84285714,97.37857143,97.67714286,97.63571429,97.43428571,97.47224286,95.33714286,96.59285714,97.03142857,97.40571429,97.42428571,97.25714286,97.23982857
GoodWe Technologies Co.. Ltd.,GW5000-ES-US20 [240V],5 kW. 240 Vac. Bi-directional. Transformerless Grid Support Utility Interactive PV and Battery Inverter. with PCS functionality.,5.0047,240,97,5.62,,,235,390,500,0.50047,1.00094,1.50141,2.50235,3.753525,5.0047,93.85857143,96.22857143,96.62142857,97.16285714,97.05714286,96.95142857,96.8524,95.34571429,96.84285714,97.37857143,97.67714286,97.63571429,97.43428571,97.47224286,95.33714286,96.59285714,97.03142857,97.40571429,97.42428571,97.25714286,97.23982857
GoodWe Technologies Co.. Ltd.,GEC5.0-1U-US10 [240V],"5 kW. 240 Vac. Bi-directional. Transformerless Grid Support Utility Interactive Battery Inverter
",5.031,240,96.5,11.16,,,200,350,495,0.5031,1.0062,1.5093,2.5155,3.77325,5.031,92.34548171,95.03911762,95.88803234,96.37399624,96.44097524,96.3320821,96.12119923,93.24127181,95.83399918,96.43253784,96.97759176,97.14966721,97.07377149,96.80156184,92.00832938,95.28271105,96.18936884,96.80649488,96.95767215,96.92543981,96.55039514
GoodWe Technologies Co.. Ltd.,GW5000A-BP [240V],"5 kW. 240 Vac. Bi-directional. Transformerless Grid Support Utility Interactive Battery Inverter
",5.031,240,96.5,11.16,,,200,350,495,0.5031,1.0062,1.5093,2.5155,3.77325,5.031,92.34548171,95.03911762,95.88803234,96.37399624,96.44097524,96.3320821,96.12119923,93.24127181,95.83399918,96.43253784,96.97759176,97.14966721,97.07377149,96.80156184,92.00832938,95.28271105,96.18936884,96.80649488,96.95767215,96.92543981,96.55039514
GoodWe Technologies Co.. Ltd.,GEH5.0-1U-US10 [240V],"5 kW. 240 Vac. Bi-directional. Transformerless Grid Support Utility Interactive PV and Battery Inverter
",5.0675,240,97.5,11.24,,,300,400,480,0.50675,1.0135,1.52025,2.53375,3.800625,5.0675,93.99247606,96.2315821,96.87969977,97.25168148,97.26430478,97.14836942,97.02719524,94.93073102,96.94590287,97.40976645,97.61027896,97.59585027,97.50211724,97.43276144,94.87822729,96.5214805,97.21807132,97.7266465,97.66070524,97.55088802,97.44768562
GoodWe Technologies Co.. Ltd.,GW5000A-ES [240V],"5 kW. 240 Vac. Bi-directional. Transformerless Grid Support Utility Interactive PV and Battery Inverter
",5.0675,240,97.5,11.24,,,300,400,480,0.50675,1.0135,1.52025,2.53375,3.800625,5.0675,93.99247606,96.2315821,96.87969977,97.25168148,97.26430478,97.14836942,97.02719524,94.93073102,96.94590287,97.40976645,97.61027896,97.59585027,97.50211724,97.43276144,94.87822729,96.5214805,97.21807132,97.7266465,97.66070524,97.55088802,97.44768562
GoodWe Technologies Co.. Ltd.,GEH6.0-1U-US20 [240V],6 kW. 240 Vac. Bi-directional. Transformerless Grid Support Utility Interactive PV and Battery Inverter. with PCS functionality.,5.9973,240,97,5.62,,,285,390,500,0.59973,1.19946,1.79919,2.99865,4.497975,5.9973,95.22428571,95.77571429,96.46571429,96.90571429,96.94142857,96.80857143,96.74322857,95.51142857,96.51428571,97.16428571,97.62,97.61,97.41,97.40988571,95.26,96.08857143,96.76857143,97.37857143,97.37142857,97.27857143,97.14734286
GoodWe Technologies Co.. Ltd.,GW6000-ES-US20 [240V],6 kW. 240 Vac. Bi-directional. Transformerless Grid Support Utility Interactive PV and Battery Inverter. with PCS functionality.,5.9973,240,97,5.62,,,285,390,500,0.59973,1.19946,1.79919,2.99865,4.497975,5.9973,95.22428571,95.77571429,96.46571429,96.90571429,96.94142857,96.80857143,96.74322857,95.51142857,96.51428571,97.16428571,97.62,97.61,97.41,97.40988571,95.26,96.08857143,96.76857143,97.37857143,97.37142857,97.27857143,97.14734286
GoodWe Technologies Co.. Ltd.,GEC6.0-1U-US20 [240V],6 kW. 240 Vac. Bi-directional. Transformerless Grid Support Utility Interactive Battery Inverter. with PCS functionality.,6.0097,240,96,5.6,,,125,300,495,0.60097,1.20194,1.80291,3.00485,4.507275,6.0097,92.72142857,95.07428571,95.43,95.74857143,95.70857143,94.32714286,95.46327143,94.65285714,96.01,96.28285714,96.30571429,96.36,96.92857143,96.28198571,95.66857143,96.46571429,96.78,96.72142857,96.49,96.20142857,96.5249
GoodWe Technologies Co.. Ltd.,GW6000-SBP-US20 [240V],6 kW. 240 Vac. Bi-directional. Transformerless Grid Support Utility Interactive Battery Inverter. with PCS functionality.,6.0097,240,96,5.6,,,125,300,495,0.60097,1.20194,1.80291,3.00485,4.507275,6.0097,92.72142857,95.07428571,95.43,95.74857143,95.70857143,94.32714286,95.46327143,94.65285714,96.01,96.28285714,96.30571429,96.36,96.92857143,96.28198571,95.66857143,96.46571429,96.78,96.72142857,96.49,96.20142857,96.5249
GoodWe Technologies Co.. Ltd.,GEC6.0-1U-US10 [240V],"6 kW. 240 Vac. Bi-directional. Transformerless Grid Support Utility Interactive Battery Inverter
",6.03,240,96.5,11.3,,,200,350,495,0.603,1.206,1.809,3.015,4.5225,6.03,93.17714063,95.28604726,96.05608152,96.41954284,96.34658585,96.13459772,96.13664215,93.97224138,96.63057406,96.63986315,97.03915066,97.07786987,96.91078836,96.86223402,93.57146693,95.70687463,96.47449597,96.88794009,96.91075485,96.80515098,96.65456696
GoodWe Technologies Co.. Ltd.,GW6000A-BP [240V],"6 kW. 240 Vac. Bi-directional. Transformerless Grid Support Utility Interactive Battery Inverter
",6.03,240,96.5,11.3,,,200,350,495,0.603,1.206,1.809,3.015,4.5225,6.03,93.17714063,95.28604726,96.05608152,96.41954284,96.34658585,96.13459772,96.13664215,93.97224138,96.63057406,96.63986315,97.03915066,97.07786987,96.91078836,96.86223402,93.57146693,95.70687463,96.47449597,96.88794009,96.91075485,96.80515098,96.65456696
GoodWe Technologies Co.. Ltd.,GEH6.0-1U-US10 [240V],"6 kW. 240 Vac. Bi-directional. Transformerless Grid Support Utility Interactive PV and Battery Inverter
",6.109,240,97.5,9.3,,,360,400,480,0.6109,1.2218,1.8327,3.0545,4.58175,6.109,95.14283832,96.91383043,97.27513738,97.44718614,97.36235698,97.16455144,97.2486074,95.69169775,97.20313977,97.57128396,97.67089144,97.55871866,97.37561512,97.48216782,95.30478006,96.96465781,97.38495117,97.59304138,97.48611959,97.31956903,97.37477876
GoodWe Technologies Co.. Ltd.,GW6000A-ES [240V],"6 kW. 240 Vac. Bi-directional. Transformerless Grid Support Utility Interactive PV and Battery Inverter
",6.109,240,97.5,9.3,,,360,400,480,0.6109,1.2218,1.8327,3.0545,4.58175,6.109,95.14283832,96.91383043,97.27513738,97.44718614,97.36235698,97.16455144,97.2486074,95.69169775,97.20313977,97.57128396,97.67089144,97.55871866,97.37561512,97.48216782,95.30478006,96.96465781,97.38495117,97.59304138,97.48611959,97.31956903,97.37477876
GoodWe Technologies Co.. Ltd.,GEH7.0-1U-US10 [240V],"7 kW. 240 Vac. Bi-directional. Transformerless Grid Support Utility Interactive PV and Battery Inverter
",7.057,240,97,9.48,,,210,400,480,0.7057,1.4114,2.1171,3.5285,5.29275,7.057,94.36933931,95.91440863,96.38212513,96.54253908,96.39475419,96.15194214,96.30709905,95.93838021,97.26943764,97.59346661,97.66604128,97.56509479,97.32321696,97.49775284,95.30063501,96.87551262,97.32285563,97.70334894,97.57111327,97.33188,97.43153102
GoodWe Technologies Co.. Ltd.,GW7000A-ES [240V],"7 kW. 240 Vac. Bi-directional. Transformerless Grid Support Utility Interactive PV and Battery Inverter
",7.057,240,97,9.48,,,210,400,480,0.7057,1.4114,2.1171,3.5285,5.29275,7.057,94.36933931,95.91440863,96.38212513,96.54253908,96.39475419,96.15194214,96.30709905,95.93838021,97.26943764,97.59346661,97.66604128,97.56509479,97.32321696,97.49775284,95.30063501,96.87551262,97.32285563,97.70334894,97.57111327,97.33188,97.43153102
GoodWe Technologies Co.. Ltd.,GEC7.0-1U-US10 [240V],"7 kW. 240 Vac. Bi-directional. Transformerless Grid Support Utility Interactive Battery Inverter
",7.059,240,96.5,9.48,,,200,350,495,0.7059,1.4118,2.1177,3.5295,5.29425,7.059,94.16242205,95.68082599,96.23871447,96.45560655,96.26321192,96.02287818,96.17550752,94.88373732,96.38558199,96.69676015,96.99551989,97.04114041,96.78889329,96.85854807,93.44608253,95.6864939,96.41089037,96.8452304,96.81245424,96.64884452,96.5720162
GoodWe Technologies Co.. Ltd.,GW7000A-BP [240V],"7 kW. 240 Vac. Bi-directional. Transformerless Grid Support Utility Interactive Battery Inverter
",7.059,240,96.5,9.48,,,200,350,495,0.7059,1.4118,2.1177,3.5295,5.29425,7.059,94.16242205,95.68082599,96.23871447,96.45560655,96.26321192,96.02287818,96.17550752,94.88373732,96.38558199,96.69676015,96.99551989,97.04114041,96.78889329,96.85854807,93.44608253,95.6864939,96.41089037,96.8452304,96.81245424,96.64884452,96.5720162
GoodWe Technologies Co.. Ltd.,GEC7.6-1U-US20 [240V],7.6 kW. 240 Vac. Bi-directional. Transformerless Grid Support Utility Interactive Battery Inverter. with PCS functionality.,7.5855,240,96,5.61,,,158,300,495,0.75855,1.5171,2.27565,3.79275,5.689125,7.5855,93.55714286,95.26285714,95.64571429,96.37428571,95.83285714,94.98285714,95.76207143,94.74571429,95.67142857,96.35285714,96.26714286,96.57571429,96.83285714,96.37861429,94.41428571,95.39571429,96.07714286,96.15,95.97857143,95.69428571,95.92047143
GoodWe Technologies Co.. Ltd.,GW7600-SBP-US20 [240V],7.6 kW. 240 Vac. Bi-directional. Transformerless Grid Support Utility Interactive Battery Inverter. with PCS functionality.,7.5855,240,96,5.61,,,158,300,495,0.75855,1.5171,2.27565,3.79275,5.689125,7.5855,93.55714286,95.26285714,95.64571429,96.37428571,95.83285714,94.98285714,95.76207143,94.74571429,95.67142857,96.35285714,96.26714286,96.57571429,96.83285714,96.37861429,94.41428571,95.39571429,96.07714286,96.15,95.97857143,95.69428571,95.92047143
GoodWe Technologies Co.. Ltd.,GEH7.6-1U-US20 [240V],7.6 kW. 240 Vac. Bi-directional. Transformerless Grid Support Utility Interactive PV and Battery Inverter. with PCS functionality.,7.5882,240,97,5.62,,,180,390,500,0.75882,1.51764,2.27646,3.7941,5.69115,7.5882,94.86285714,96.12571429,96.61142857,96.85857143,96.70714286,96.07285714,96.5929,95.96428571,97.00571429,97.69571429,97.61571429,97.45,97.29,97.42464286,95.65285714,96.97428571,97.35,97.34857143,97.2,96.89285714,97.16067143
GoodWe Technologies Co.. Ltd.,GW7600-ES-US20 [240V],7.6 kW. 240 Vac. Bi-directional. Transformerless Grid Support Utility Interactive PV and Battery Inverter. with PCS functionality.,7.5882,240,97,5.62,,,180,390,500,0.75882,1.51764,2.27646,3.7941,5.69115,7.5882,94.86285714,96.12571429,96.61142857,96.85857143,96.70714286,96.07285714,96.5929,95.96428571,97.00571429,97.69571429,97.61571429,97.45,97.29,97.42464286,95.65285714,96.97428571,97.35,97.34857143,97.2,96.89285714,97.16067143
GoodWe Technologies Co.. Ltd.,GEH7.6-1U-US10 [240V],"7.6 kW. 240 Vac. Bi-directional. Transformerless Grid Support Utility Interactive PV and Battery Inverter
",7.644,240,97,9.44,,,230,400,480,0.7644,1.5288,2.2932,3.822,5.733,7.644,94.86432445,96.14995304,96.52549402,96.68413507,96.44426322,96.19805241,96.41416041,96.2196876,97.3623073,97.65324005,97.68110925,97.52971638,97.26067549,97.50210807,95.62015592,97.01124891,97.39768161,97.58809545,97.44733373,97.19799214,97.363577
GoodWe Technologies Co.. Ltd.,GW7600A-ES [240V],"7.6 kW. 240 Vac. Bi-directional. Transformerless Grid Support Utility Interactive PV and Battery Inverter
",7.644,240,97,9.44,,,230,400,480,0.7644,1.5288,2.2932,3.822,5.733,7.644,94.86432445,96.14995304,96.52549402,96.68413507,96.44426322,96.19805241,96.41416041,96.2196876,97.3623073,97.65324005,97.68110925,97.52971638,97.26067549,97.50210807,95.62015592,97.01124891,97.39768161,97.58809545,97.44733373,97.19799214,97.363577
GoodWe Technologies Co.. Ltd.,GEC7.6-1U-US10 [240V],"7.6 kW. 240 Vac. Bi-directional. Transformerless Grid Support Utility Interactive Battery Inverter
",7.648,240,96.5,9.48,,,200,350,495,0.7648,1.5296,2.2944,3.824,5.736,7.648,94.20906877,95.79709828,96.2502442,96.45075364,96.08597433,95.88842356,96.0828928,95.30282889,96.23879874,96.74557005,96.97022869,96.85080838,96.63811679,96.7601038,93.78186202,95.85147062,96.46406689,96.8137321,96.74298213,96.55199764,96.55180019
GoodWe Technologies Co.. Ltd.,GW7600A-BP [240V],"7.6 kW. 240 Vac. Bi-directional. Transformerless Grid Support Utility Interactive Battery Inverter
",7.648,240,96.5,9.48,,,200,350,495,0.7648,1.5296,2.2944,3.824,5.736,7.648,94.20906877,95.79709828,96.2502442,96.45075364,96.08597433,95.88842356,96.0828928,95.30282889,96.23879874,96.74557005,96.97022869,96.85080838,96.63811679,96.7601038,93.78186202,95.85147062,96.46406689,96.8137321,96.74298213,96.55199764,96.55180019
GoodWe Technologies Co.. Ltd.,GEH8.6-1U-US10 [240V],"8.6 kW. 240 Vac. Bi-directional. Transformerless Grid Support Utility Interactive PV and Battery Inverter
",8.614,240,97,9.54,,,260,400,480,0.8614,1.7228,2.5842,4.307,6.4605,8.614,95.37367715,96.48743382,96.78871705,96.8742772,96.59757683,96.3068256,96.60962004,96.49368114,97.47076093,97.66029153,97.64473579,97.42397715,97.10582872,97.44791412,95.85925908,97.15437462,97.4506372,97.50086286,97.32097872,97.01251418,97.29209119
GoodWe Technologies Co.. Ltd.,GW8600A-ES [240V],"8.6 kW. 240 Vac. Bi-directional. Transformerless Grid Support Utility Interactive PV and Battery Inverter
",8.614,240,97,9.54,,,260,400,480,0.8614,1.7228,2.5842,4.307,6.4605,8.614,95.37367715,96.48743382,96.78871705,96.8742772,96.59757683,96.3068256,96.60962004,96.49368114,97.47076093,97.66029153,97.64473579,97.42397715,97.10582872,97.44791412,95.85925908,97.15437462,97.4506372,97.50086286,97.32097872,97.01251418,97.29209119
GoodWe Technologies Co.. Ltd.,GEC8.6-1U-US10 [240V],"8.6 kW. 240 Vac. Bi-directional. Transformerless Grid Support Utility Interactive Battery Inverter
",8.68,240,96.5,9.47,,,200,350,495,0.868,1.736,2.604,4.34,6.51,8.68,94.69582388,96.00428279,96.33430461,96.33707771,96.01152899,95.67957256,96.04903896,95.75727185,96.47997196,96.96051126,97.02247065,96.91055702,96.61484734,96.85760725,94.64222767,96.07679883,96.46045313,96.73948508,96.75638128,96.50865299,96.58639002
GoodWe Technologies Co.. Ltd.,GW8600A-BP [240V],"8.6 kW. 240 Vac. Bi-directional. Transformerless Grid Support Utility Interactive Battery Inverter
",8.68,240,96.5,9.47,,,200,350,495,0.868,1.736,2.604,4.34,6.51,8.68,94.69582388,96.00428279,96.33430461,96.33707771,96.01152899,95.67957256,96.04903896,95.75727185,96.47997196,96.96051126,97.02247065,96.91055702,96.61484734,96.85760725,94.64222767,96.07679883,96.46045313,96.73948508,96.75638128,96.50865299,96.58639002
GoodWe Technologies Co.. Ltd.,GEH9.6-1U-US20 [240V],9.6 kW. 240 Vac. Bi-directional. Transformerless Grid Support Utility Interactive PV and Battery Inverter. with PCS functionality.,9.5862,240,97,5.62,,,225,390,500,0.95862,1.91724,2.87586,4.7931,7.18965,9.5862,95.36142857,96.40428571,96.91428571,97.01857143,96.84142857,96.36,96.78224286,96.07285714,97.21,97.52,97.59,97.23142857,97.05,97.28487143,95.86571429,97.06571429,97.39,97.39285714,97.00285714,96.67,97.07222857
GoodWe Technologies Co.. Ltd.,GW9600-ES-US20 [240V],9.6 kW. 240 Vac. Bi-directional. Transformerless Grid Support Utility Interactive PV and Battery Inverter. with PCS functionality.,9.5862,240,97,5.62,,,225,390,500,0.95862,1.91724,2.87586,4.7931,7.18965,9.5862,95.36142857,96.40428571,96.91428571,97.01857143,96.84142857,96.36,96.78224286,96.07285714,97.21,97.52,97.59,97.23142857,97.05,97.28487143,95.86571429,97.06571429,97.39,97.39285714,97.00285714,96.67,97.07222857
GoodWe Technologies Co.. Ltd.,GEC9.6-1U-US20 [240V],9.6 kW. 240 Vac. Bi-directional. Transformerless Grid Support Utility Interactive Battery Inverter. with PCS functionality.,9.6031,240,96,5.61,,,200,300,495,0.96031,1.92062,2.88093,4.80155,7.202325,9.6031,93.68285714,95.34857143,95.64285714,96.47,95.91428571,95.21428571,95.84587143,94.49,95.93714286,96.20428571,96.16,96.80571429,96.41571429,96.44238571,94.39428571,96.03571429,96.33714286,96.37857143,96.14428571,96.55428571,96.1617
GoodWe Technologies Co.. Ltd.,GW9600-SBP-US20 [240V],9.6 kW. 240 Vac. Bi-directional. Transformerless Grid Support Utility Interactive Battery Inverter. with PCS functionality.,9.6031,240,96,5.61,,,200,300,495,0.96031,1.92062,2.88093,4.80155,7.202325,9.6031,93.68285714,95.34857143,95.64285714,96.47,95.91428571,95.21428571,95.84587143,94.49,95.93714286,96.20428571,96.16,96.80571429,96.41571429,96.44238571,94.39428571,96.03571429,96.33714286,96.37857143,96.14428571,96.55428571,96.1617
GoodWe Technologies Co.. Ltd.,GEC9.6-1U-US10 [240V],"9.6 kW. 240 Vac. Bi-directional. Transformerless Grid Support Utility Interactive Battery Inverter
",9.616,240,96.5,9.5,,,200,350,495,0.9616,1.9232,2.8848,4.808,7.212,9.616,95.01118779,96.10338638,96.33443277,96.28801291,95.86012975,95.40932924,95.9625667,95.7040542,96.63456153,96.98419779,96.95052976,96.76837196,96.40984788,96.76533476,95.05039225,96.14931816,96.56900501,96.70481763,96.69380398,96.40076292,96.57352816
GoodWe Technologies Co.. Ltd.,GW9600A-BP [240V],"9.6 kW. 240 Vac. Bi-directional. Transformerless Grid Support Utility Interactive Battery Inverter
",9.616,240,96.5,9.5,,,200,350,495,0.9616,1.9232,2.8848,4.808,7.212,9.616,95.01118779,96.10338638,96.33443277,96.28801291,95.86012975,95.40932924,95.9625667,95.7040542,96.63456153,96.98419779,96.95052976,96.76837196,96.40984788,96.76533476,95.05039225,96.14931816,96.56900501,96.70481763,96.69380398,96.40076292,96.57352816
GoodWe Technologies Co.. Ltd.,GEH9.6-1U-US10 [240V],"9.6 kW. 240 Vac. Bi-directional. Transformerless Grid Support Utility Interactive PV and Battery Inverter
",9.628,240,97,9.4,,,300,400,480,0.9628,1.9256,2.8884,4.814,7.221,9.628,95.83610643,96.81212833,97.05822517,97.00401007,96.70221377,96.33288358,96.76069728,96.71342208,97.53717671,97.65893751,97.57529982,97.31145406,96.9523664,97.37797016,96.15312045,97.27479905,97.52155472,97.44556513,97.19826041,96.83691831,97.23294395
GoodWe Technologies Co.. Ltd.,GW9600A-ES [240V],"9.6 kW. 240 Vac. Bi-directional. Transformerless Grid Support Utility Interactive PV and Battery Inverter
",9.628,240,97,9.4,,,300,400,480,0.9628,1.9256,2.8884,4.814,7.221,9.628,95.83610643,96.81212833,97.05822517,97.00401007,96.70221377,96.33288358,96.76069728,96.71342208,97.53717671,97.65893751,97.57529982,97.31145406,96.9523664,97.37797016,96.15312045,97.27479905,97.52155472,97.44556513,97.19826041,96.83691831,97.23294395
GoodWe Technologies Co.. Ltd.,GW9600H-ES [240V],"9.6 kW. 240 Vac. Bi-directional Grid Support Utility Interactive PV and Battery Inverter
",9.628,240,95.5,45.22,,,300,400,480,0.9519,1.9038,2.8557,4.7595,7.13925,9.519,92.20717558,94.73980233,95.38989849,95.54713675,95.15574509,94.55517555,95.09726735,93.02847613,95.45290689,96.02106523,96.10622382,95.73840459,95.17318344,95.69863282,92.60506281,95.18292274,95.72324618,95.95575014,95.64133762,94.99175778,95.54034255
GoodWe Technologies Co.. Ltd.,GEH11.4-1U-US20 [240V],11.4 kW. 240 Vac. Bi-directional. Transformerless Grid Support Utility Interactive PV and Battery Inverter. with PCS functionality.,11.3793,240,97,5.62,,,270,390,500,1.13793,2.27586,3.41379,5.68965,8.534475,11.3793,95.63142857,96.44,96.79571429,97.05142857,96.98,96.71714286,96.8788,96.49,97.44285714,97.53285714,97.44142857,97.20285714,96.98,97.2649,96.24142857,97.18714286,97.22428571,97.13857143,96.99,96.36571429,96.99801429
GoodWe Technologies Co.. Ltd.,GW11K4-ES-US20 [240V],11.4 kW. 240 Vac. Bi-directional. Transformerless Grid Support Utility Interactive PV and Battery Inverter. with PCS functionality.,11.3793,240,97,5.62,,,270,390,500,1.13793,2.27586,3.41379,5.68965,8.534475,11.3793,95.63142857,96.44,96.79571429,97.05142857,96.98,96.71714286,96.8788,96.49,97.44285714,97.53285714,97.44142857,97.20285714,96.98,97.2649,96.24142857,97.18714286,97.22428571,97.13857143,96.99,96.36571429,96.99801429
GoodWe Technologies Co.. Ltd.,GEC11.4-1U-US20 [240V],11.4 kW. 240 Vac. Bi-directional. Transformerless Grid Support Utility Interactive Battery Inverter. with PCS functionality.,11.3919,240,96,5.61,,,235,300,495,1.13919,2.27838,3.41757,5.69595,8.543925,11.3919,94.32,95.63571429,95.77285714,96.47571429,95.79142857,95.13714286,95.83354286,95.15,96.18571429,96.27,96.04428571,96.54857143,96.02142857,96.3088,94.53857143,96.06571429,96.29142857,96.21142857,95.85285714,96.21857143,95.95714286
GoodWe Technologies Co.. Ltd.,GW11K4-SBP-US20 [240V],11.4 kW. 240 Vac. Bi-directional. Transformerless Grid Support Utility Interactive Battery Inverter. with PCS functionality.,11.3919,240,96,5.61,,,235,300,495,1.13919,2.27838,3.41757,5.69595,8.543925,11.3919,94.32,95.63571429,95.77285714,96.47571429,95.79142857,95.13714286,95.83354286,95.15,96.18571429,96.27,96.04428571,96.54857143,96.02142857,96.3088,94.53857143,96.06571429,96.29142857,96.21142857,95.85285714,96.21857143,95.95714286
Guangzhou Sanjing Electric Co.. Ltd.,H2-7.6K-S3-US [240V],7.6 kW. 240 Vac Bi-directional Transformerless Hybrid Grid Support Utility Interactive Inverter,7.606,240,97,3.1,,,200,380,550,0.7606092,1.5212184,2.2818276,3.803046,5.704569,7.606092,91.67571429,95.03328571,96.06,96.90142857,97.01142857,96.83428571,96.55296429,93.31285714,96.56285714,96.81728571,97.55428571,97.75571429,97.66285714,97.35880286,89.92285714,94.51571429,95.957,96.99585714,97.44271429,97.39285714,96.72095143
Guangzhou Sanjing Electric Co.. Ltd.,H2-10K-S4-US [240V],10 kW. 240 Vac Bi-directional Transformerless Hybrid Grid Support Utility Interactive Inverter,10.089,240,97,3,,,200,380,550,1.008942,2.017884,3.026826,5.04471,7.567065,10.08942,92.505,95.285,96.12885714,96.68328571,96.757,96.53685714,96.41145571,93.37828571,96.02742857,96.87057143,97.488,97.62328571,97.88814286,97.2682,91.77585714,95.115,96.252,97.10557143,97.34085714,97.28428571,96.82406286
Guangzhou Sanjing Electric Co.. Ltd.,H2-12K-S4-US [240V],12 kW. 240 Vac Bi-directional Transformerless Hybrid Grid Support Utility Interactive Inverter,12.034,240,97,3.2,,,200,380,550,1.20342,2.40684,3.61026,6.0171,9.02565,12.0342,93.19142857,95.65414286,96.30785714,96.68114286,96.526,96.19714286,96.33898429,93.908,96.33528571,97.04885714,97.49928571,97.47571429,97.26114286,97.21898286,92.41857143,95.44271429,96.53871429,97.16971429,97.25342857,97.11,96.85898143
Hanwha Q cells America Inc.,Q.VOLT H3.8SX [240V],3.8 kW. 240 Vac Grid support. utility-interactivehybrid inverter. with Battery Interface (BI). Q.HOME HUB 200SX,3.805,240,97,1.2,,,175.4,337.9,499.5,0.38047,0.76094,1.14141,1.90235,2.853525,3.8047,92.7831873,95.37829826,96.12207692,96.53472782,96.58847256,96.4765394,96.3029019,94.0898888,96.21931352,96.88503092,97.32483226,97.46610851,97.44265329,97.16814989,91.46854075,96.31706681,97.12806981,97.44917425,97.65555409,97.66193092,97.23483016
Hanwha Q CELLS America Inc.,Q.VOLT A3.8SX [240V],3.8 kW. 240 Vac Grid support utility-interactive Power Conversion System. with Battery Interface (BI). A1-B1-200-G2.,3.81,240,95,1.2,,,75.6,262.8,450,0.38096,0.76192,1.14288,1.9048,2.8572,3.8096,89.55179198,92.85915019,93.71679751,94.01933347,93.77903261,93.4412167,93.59005304,88.02850599,94.02982192,95.58657049,96.46368299,96.74732313,96.84582754,96.06876586,87.54355429,93.89966382,95.47776569,96.37590334,96.85968925,97.01332635,96.07929857
Hanwha Q cells America Inc.,Q.VOLT H5.0SX [240V],5.0 kW. 240 Vac Grid support. utility-interactivehybrid inverter. with Battery Interface (BI). Q.HOME HUB 200SX,5.003,240,97.5,1.2,,,229.9,363.7,499.9,0.50027,1.00054,1.50081,2.50135,3.752025,5.0027,94.49959475,96.24517503,96.76564073,97.00817415,96.98372018,96.85201996,96.8198087,95.75458864,97.26119713,97.46570922,97.7249397,97.72389974,97.64050014,97.58705771,94.81215682,97.07102644,97.36779853,97.65909314,97.71178664,97.62790436,97.50722512
Hanwha Q CELLS America Inc.,Q.VOLT A5.0SX [240V],5.0 kW. 240 Vac Grid support utility-interactive Power Conversion System. with Battery Interface (BI). A1-B1-200-G2.,5.03,240,96,1.2,,,100.4,275.5,449.9,0.503,1.006,1.509,2.515,3.7725,5.03,91.35237194,94.11661559,94.75340416,95.02686845,94.86946878,94.5366646,94.69362821,91.14030683,95.31887376,96.21287865,96.69957709,96.90429052,96.9327501,96.46992406,89.75480458,95.136979,96.09047965,96.67982001,97.00810182,97.0804723,96.44897847
Hanwha Q CELLS America Inc.,Q.HOME+ HYB-G1-6.0 [240V],6.0 kW. 240 Vac. 1-phase. transformerless. bidirectional. hybrid PV and Battery Grid Support Utility Interactive Inverter with PV arc detector,5.57,240,94,25,,,240,335,425,0.575,1.15,1.725,2.875,4.3125,5.75,86.86968282,91.49432334,93.19750713,94.27734796,94.5285771,94.41948009,93.85256728,86.53469254,91.71923739,93.53264188,94.76075866,95.11601262,95.14251447,94.33963832,85.94408366,91.05582687,93.11956528,94.55685226,95.05593394,95.18881225,94.1609271
HANWHA Q CELLS AMERICA INC.,Q.HOME+ AC-G1-6.0 [240V],6 kW. 240 Vac. 1-phase. transformerless. bidirectional. battery Grid Support Utility Interactive Inverter,5.732,240,94,25,,,360,430,500,0.5732,1.1464,1.7196,2.866,4.299,5.732,86.11043474,91.38849464,93.35108744,94.7497621,94.83810856,95.05060446,94.13015041,85.90742769,91.67752373,93.5458963,95.09320206,94.94489841,95.31178927,94.3016389,85.57562449,91.81869845,93.69181619,94.56683252,94.96797215,95.20942456,94.20950914
Hanwha Q cells America Inc.,Q.VOLT H6.0SX [240V],6.0 kW. 240 Vac Grid support. utility-interactivehybrid inverter. with Battery Interface (BI). Q.HOME HUB 200SX,6.017,240,97.5,1.2,,,277,388.3,498.7,0.60166,1.20332,1.80498,3.0083,4.51245,6.0166,95.05932471,96.78007732,97.1224088,97.2712157,97.19268785,97.00290452,97.08529099,96.31286906,97.4580376,97.74778937,97.8565773,97.77581805,97.64504485,97.70846841,94.8068039,96.94408695,97.52456366,97.76568102,97.65707052,97.5828995,97.51060951
Hanwha Q CELLS America Inc.,Q.VOLT A6.0SX [240V],6.0 kW. 240 Vac Grid support utility-interactive Power Conversion System. with Battery Interface (BI). A1-B1-200-G2.,6.035,240,96,1.2,,,121.1,285.1,449.9,0.60349,1.20698,1.81047,3.01745,4.526175,6.0349,92.43536384,94.75172653,95.30643446,95.49571563,95.35294931,94.96695574,95.21128422,92.5819594,95.97506566,96.56137446,96.83847777,96.96419296,96.91499679,96.66224903,91.28307583,95.62424827,96.32675423,96.81116396,97.04612442,97.08130083,96.61060137
Hanwha Q CELLS America Inc.,Q.HOME+ HYB-G1-7.0 [240V],7.0 kW. 240 Vac. 1-phase. transformerless. bidirectional. hybrid PV and Battery Grid Support Utility Interactive Inverter with PV arc detector,6.666,240,94.5,25,,,290,360,425,0.6666,1.3332,1.9998,3.333,4.9995,6.666,88.19254533,92.4800246,93.86422265,94.72817737,94.85927755,94.66160392,94.31682431,87.89501674,92.55220901,93.98568097,94.93925504,95.14598543,95.08434622,94.54052598,87.18829039,91.84027836,93.66534625,94.81241511,95.18815169,95.18357601,94.43889346
HANWHA Q CELLS AMERICA INC.,Q.HOME+ AC-G1-7.0 [240V],7 kW. 240 Vac. 1-phase. transformerless. bidirectional. battery Grid Support Utility Interactive Inverter,6.68,240,95,25,,,280,390,500,0.668,1.336,2.004,3.34,5.01,6.68,88.2923772,93.48385218,94.88248185,95.53001609,95.11351908,94.47592068,94.78705005,88.5638631,92.57622722,94.65479402,95.55142668,95.42783592,95.2339369,94.93419065,87.5631131,92.15809758,94.26124329,95.39276395,95.22659313,94.6733281,94.65801979
Hanwha Q cells America Inc.,Q.VOLT H7.6SX [240V],7.6 kW. 240 Vac Grid support. utility-interactive hybrid inverter. with Battery Interface (BI). Q.HOME HUB 200SX,7.593,240,97.5,1.2,,,234.1,365.5,498.4,0.75932,1.51864,2.27796,3.7966,5.6949,7.5932,95.53009402,96.93545402,97.20776834,97.31903485,96.95340502,96.70557159,96.99048922,96.66766762,97.83574545,97.97051146,97.93703043,97.77402258,97.53346363,97.77863689,96.05748031,97.25003475,97.82063072,97.87415133,97.74812737,97.61844711,97.68427828
Hanwha Q CELLS America Inc.,Q.VOLT A7.6SX [240V],7.6 kW. 240 Vac Grid support utility-interactive Power Conversion System. with Battery Interface (BI). A1-B1-200-G2.,7.601,240,96.5,1.2,,,149.7,300.1,449.8,0.76005,1.5201,2.28015,3.80025,5.700375,7.6005,93.37099552,95.37116841,95.81067752,95.8958197,95.68554932,95.32020008,95.61815282,94.12395069,96.4540246,96.80952607,97.00540003,96.9851994,96.81220391,96.81870227,93.44129076,96.16888643,96.70563907,96.97965709,97.07955153,97.00646639,96.81898626
Hanwha Q CELLS America Inc.,Q.HOME+ HYB-G1-7.6 [240V],7.6 kW. 240 Vac. 1-phase. transformerless. bidirectional. hybrid PV and Battery Grid Support Utility Interactive Inverter with PV arc detector,7.642,240,95.5,44,,,304,402,500,0.7641532,1.5283064,2.2924596,3.820766,5.731149,7.641532,91.70741818,94.57294389,95.3432084,95.73283453,95.65006363,95.38561424,95.40583862,90.55734915,94.48369558,95.23725446,95.75218786,95.75516252,95.5730134,95.41179553,93.45463945,95.5642993,96.16592466,96.48873914,96.36511039,96.14492525,96.19970149
Hanwha Q CELLS America Inc.,Q.HOME+ AC-G1-7.6 [240V],7.6 kW. 240 Vac. 1-phase. transformerless. bidirectional. battery Grid Support Utility Interactive Inverter,7.832,240,95.5,49.5,,,320,375,430,0.7832056,1.5664112,2.3496168,3.916028,5.874042,7.832056,91.43117354,94.9622193,95.62419916,95.75096782,95.44009596,94.97588249,95.32001003,92.29516324,94.86935798,95.60946117,95.93578666,95.74142197,95.33204636,95.56448093,92.76179911,95.06164026,95.71488524,95.90281805,95.76321778,95.43686893,95.61528087
Hanwha Q CELLS America Inc.,Q.HOME+ HYB-G1-8.6 [240V],8.6 kW. 240 Vac. 1-phase. transformerless. bidirectional. hybrid PV and Battery Grid Support Utility Interactive Inverter with PV arc detector,8.604,240,96,40,,,258,379,500,0.860444,1.720888,2.581332,4.30222,6.45333,8.60444,92.69933436,94.53992862,95.29782475,95.6136113,95.4241476,94.94041372,95.27138606,92.8440511,95.28941579,95.9701449,96.18245071,95.87159855,95.52933717,95.78137896,93.69408391,95.77680652,96.27449932,96.51940873,96.29684427,95.89216436,96.19055511
Hanwha Q CELLS America Inc.,Q.HOME+ AC-G1-8.6 [240V],8.6 kW. 240 Vac. 1-phase. transformerless. bidirectional. battery Grid Support Utility Interactive Inverter,8.613,240,95.5,42,,,363,396.5,430,0.8613,1.7226,2.5839,4.3065,6.45975,8.613,93.0135086,95.28054918,95.80882018,95.92959765,95.63120674,95.18939281,95.57085094,92.85842601,95.24742892,95.80679966,95.99888651,95.74737358,95.32272793,95.64553501,92.57570967,95.11976236,95.72335138,95.98828037,95.83460377,95.45241136,95.66831811
Holu Hou Energy LLC,HH9600H-HI [240V],9.6 KW. 240 Vac Non-isolated Grid Support Utility Interactive Hybrid Inverter,9.628,240,97,9.4,,,300,400,480,0.9628,1.9256,2.8884,4.814,7.221,9.628,95.83610643,96.81212833,97.05822517,97.00401007,96.70221377,96.33288358,96.76069728,96.71342208,97.53717671,97.65893751,97.57529982,97.31145406,96.9523664,97.37797016,96.15312045,97.27479905,97.52155472,97.44556513,97.19826041,96.83691831,97.23294395
Jiangsu RCT Power Energy Technology Co.. Ltd,Power Storage DC US-8.0 [240V],8 kW. 240 Vac. Bi-directional. Transformerless Grid Support Utility Interactive PV and Battery Inverter,8.032,240,97,0.4025,,,220,360,420,0.80322,1.60644,2.40966,4.0161,6.02415,8.0322,94.48347572,96.28888562,96.86762753,97.13528607,96.98314308,96.56383912,96.84556648,94.80351864,96.8256982,97.29690193,97.58976748,97.52572318,97.22993244,97.35303496,94.74716201,96.88602921,97.45503161,97.71569168,97.63596497,97.33705795,97.46300132
LG Electronics Inc.,A005KEEN261 [240V],5000 W. 240 Vac. transformerless. Bi-dierctional. Muti-mode. Grid Support Utility Interactive Energy Storage Inverter,5,240,98,2.05,,,350,400,450,0.5,1,1.5,2.5,3.75,5,96.48090476,97.58457143,98.11671429,98.47357143,98.3237619,97.93509524,98.20026905,95.89380952,97.55080952,98.00838095,98.45066667,98.35033333,98.1237619,98.18080333,95.24404762,97.15757143,97.75309524,98.29519048,98.24528571,98.03333333,98.01167
LG Electronics Inc.,D007KEEN261 [240V],7680 W. 240 Vac. transformerless. Bi-dierctional. Muti-mode Grid Support Utility Interactive Solar and Energy Storage Inverter,7.68,240,97.5,1.19,,,270,380,450,0.768,1.536,2.304,3.84,5.76,7.68,95.1417619,96.55657143,97.33252381,97.59719048,97.51042857,97.13038095,97.3458581,96.49571429,97.6782381,98.0327619,98.06442857,97.7762381,97.43109524,97.79416286,95.76833333,97.32171429,97.81547619,97.95814286,97.74795238,97.44714286,97.6846581
Lion Energy,#50170167 Sanctuary 8K [240V],8 kW. 240 Vac. Grid Support Utility Interactive Inverter,7.898,240,95,18.8,,,240,370,425,0.789799267,1.579598533,2.3693978,3.948996333,5.9234945,7.897992667,91.61792113,94.68762938,94.7932199,95.07586188,94.59888201,94.12795661,94.58402099,92.60507582,95.3424714,95.44948443,95.71484354,95.34117457,94.83140272,95.29777454,91.49117337,94.8317938,95.04683948,95.51045462,95.26800064,94.83535701,95.09786102
NeoVolta Inc.,NV7600 [240V],7680W. 240 Vac. 1-phase hybrid Grid Support Utility Interactive Inverter that works with PV and energy storage. Inverter is capable of PCS functionality.,7.657,240,96.5,13.4,,,240,370,425,0.76571189,1.53142378,2.29713567,3.82855945,5.742839174,7.657118899,91.8196158,94.91099778,95.52051377,97.07955087,96.98801209,97.13049899,96.52767321,91.670909,95.00084136,95.70773217,97.54654849,97.44586223,97.08346102,96.8870615,91.55133333,95.07170672,95.85843856,97.6006364,97.27396276,97.08678933,96.82432467
OutBack Power Technologies. Inc.,GS4048A [240V],3.6 kW. 240 Vac Grid Support Utility Interactive Inverter with external battery backup and accessible neutral to allow 120 VAC loads to be backed up. Inverter is capable of PCS functionality,3.6,240,92.5,0.1,,,44,48,56,0.72,1.44,2.16,3.6,5.4,7.2,92.6,94.4,93.7,94.4,93,90.4,93.3,91.5,93.4,93,93.3,92.7,90.8,92.7,89,91.6,92.2,92.1,91.5,89.9,91.5
OutBack Power Technologies. Inc.,SBX5048-120/240 [240V],5.0 kW. 240 Vac. Multimode Grid Support Utility Interactive PV and Battery Inverter with PCS Functionality,4.985,240,94,24.85,,,250,420,550,0.5,1,1.5,2.5,3.75,5,85.911188,91.878574,93.403974,94.205962,94.083302,93.775124,93.57501138,87.041832,92.430834,94.19184,94.897618,95.095256,94.894152,94.47992884,85.362352,91.925974,93.50906,94.477918,94.741786,94.617314,94.01625504
OutBack Power Technologies. Inc.,GS8048A [240V],7.2 kW. 240 Vac Grid Support Utility Interactive Inverter with external battery backup and accessible neutral to allow 120 VAC loads to be backed up. Inverter is capable of PCS functionality,7.2,240,92.5,0.1,,,44,48,56,0.36,0.72,1.08,1.8,2.7,3.6,88.3,92.6,94.1,94.4,93.2,91.2,93.3,87.1,91.5,92.9,93.3,93,90.8,92.6,84,89,90.9,92.1,91.9,90.2,91.3
OutBack Power Technologies. Inc.,OGHI8048A [240V],7.2 kW. 240 Vac Grid Support Utility Interactive Inverter    ,7.638,240,93,146.4,,,44,48,52,0.763815601,1.527631201,2.291446802,3.819078003,5.728617004,7.638156006,89.6182551,93.52271159,94.11916539,94.51325633,92.58632308,89.02088571,92.92474498,88.41170617,93.36749035,94.53898635,94.33680837,92.71585268,90.33074284,93.01618995,87.17211591,92.84712633,94.35985501,94.60920796,93.44277268,91.80984259,93.43551888
Pika Energy,X7602 [240V],7.6 kW. 240 Vac Grid Support Utility Interactive Inverter,7.587,240,96.5,1.29,,,390,400,420,0.759,1.517,2.276,3.793,5.689,7.586,91.67,95.89,96.62,97.26,97.24,97.04,96.87,91.01,95.4,96.52,97.26,97.15,97.01,96.75,90.48,95.21,96.33,96.86,97.02,96.91,96.55
POMCube Inc.,PNZ-10K1N2-NA0 [240V],10kW. 240 Vac Split Phase. Transformerless Grid Support Utility Interactive Hybrid Inverter for PV and Energy Storage Application   ,9.923,240,94,21.92,,,250,360,530,0.992266,1.984532,2.976798,4.96133,7.441995,9.92266,91.27277467,93.86654791,92.84659327,93.98179989,94.18823347,93.89180744,93.83636166,94.43300607,94.22869179,93.57898514,93.09051673,94.03913048,94.29742104,93.82285177,93.36974271,95.1763654,93.79277168,94.57649073,94.88442861,95.15811152,94.65645637
Schneider Electric Solar Inc.,XW Pro 6848 NA [240V],6 kW. 240 Vac. Special Purpose Grid Support Utility Interactive Battery Inverter/Charger/Stand-alone. with PCS Functionality,6.019,240,94,0.37,,,47,52,58,0.6018542,1.2037084,1.8055626,3.009271,4.5139065,6.018542,92.92909048,94.49487143,94.75549524,95.18002381,93.90901429,92.24227143,94.18426276,92.82451905,94.41605238,94.67328571,95.14995238,93.82244286,92.15939048,94.1099319,92.70295238,94.33172381,94.55394762,95.09134762,93.72172381,92.05943333,94.01584629
Shanghai Chelion RenewableTechnology Co.. Ltd.,iHome-INV7.6K-H1H02 [240V],7.6 kW. 240 Vac Grid Support Power Conversion System,7.581022791,240,97,2.5,,,300,370,440,0.758102279,1.516204558,2.274306837,3.790511395,5.685767093,7.581022791,94.2651,95.2225,96.16303333,96.92336667,97.11246667,97.06363333,96.747989,95.2164,96.18356667,96.79353333,97.36493333,97.6024,97.53476667,97.28570467,94.82433333,95.83336667,96.55146667,97.2034,97.42313333,97.3541,97.08549733
Shanghai Chelion RenewableTechnology Co.. Ltd.,iHome-INV9.6K-H1H02 [240V],9 kW. 240 Vac Grid Support Power Conversion System,9.573264647,240,97,2.5,,,300,370,440,0.957326465,1.914652929,2.871979394,4.786632323,7.179948485,9.573264647,94.32396667,95.43376667,96.47356667,97.01263333,97.09136667,97.01333333,96.803219,95.76353333,96.41273333,97.04223333,97.48393333,97.57346667,97.40476667,97.35204767,94.89073333,95.98466667,96.8438,97.3145,97.39463333,97.234,97.13301933
Shanghai Chelion RenewableTechnology Co.. Ltd.,iHome-INV10K-H1H02 [240V],10 kW. 240 Vac Grid Support Power Conversion System,9.956302007,240,97,2.5,,,300,370,440,0.995630201,1.991260401,2.986890602,4.978151003,7.467226505,9.956302007,94.33373333,95.61356667,96.5122,97.03076667,97.07283333,96.98256667,96.80968267,95.79346667,96.47503333,97.07333333,97.50486667,97.54303333,97.37263333,97.34675167,95.18403333,96.08433333,96.88296667,97.3434,97.36516667,97.2134,97.14385633
Shanghai Chelion RenewableTechnology Co.. Ltd.,iHome-INV11.4K-H1H02 [240V],11.4 kW. 240 Vac Grid Support Power Conversion System,11.37051,240,97,2.5,,,300,370,440,1.137051,2.274102,3.411153,5.685255,8.5278825,11.37051,94.3642,96.05503333,96.9052,97.10186667,97.04366667,96.9028,96.875619,95.81253333,96.79436667,97.33526667,97.60363333,97.47246667,97.26343333,97.37279367,95.284,96.55316667,97.16216667,97.41396667,97.30383333,97.08306667,97.18059633
Shanghai Chelion RenewableTechnology Co.. Ltd.,iHome-INV12K-H1H02 [240V],12 kW. 240 Vac Grid Support Power Conversion System,11.96817,240,97,2.5,,,300,370,440,1.196817,2.393634,3.590451,5.984085,8.9761275,11.96817,94.38413333,96.0625,96.92373333,97.1216,97.01313333,96.87133333,96.86540167,95.83433333,96.81496667,97.34276667,97.62316667,97.4548,97.22296667,97.368311,95.31543333,96.57346667,97.1839,97.44216667,97.28203333,97.03996667,97.17768967
Shenzhen Growatt New Energy Co.. Ltd.,SPH 3000TL BL-US [240V],2.93 kW. 240 Vac Hybrid Grid Support Utility Interactive Inverter,2.934,240,93.5,15.128,,,150,380,480,0.293436481,0.586872961,0.880309442,1.467182404,2.200773605,2.934364807,83.5494476,88.74195066,91.51872577,93.46602653,94.37781321,94.57353574,93.13810589,82.95307536,88.97742034,91.28397506,94.78210464,95.76090828,95.94928916,94.17605886,81.24886988,86.99919755,91.7283146,93.61557376,94.94873839,95.58890997,93.36885976
Shenzhen Growatt New Energy Co.. Ltd.,MIN 3000TL-XH-US [240V],3.095 kW. 240 Vac Hybrid Grid Support Utility Interactive Inverter,3.095,240,97,1.593,,,125,380,480,0.309509,0.619018,0.928527,1.547545,2.3213175,3.09509,92.5494476,94.74195066,95.51872577,96.46602653,96.37781321,96.17353574,96.04810589,94.95307536,96.97742034,97.28397506,97.78210464,97.76090828,97.44928916,97.54105886,93.24886988,95.99919755,96.7283146,97.21557376,97.34873839,97.38890997,97.01685976
Shenzhen Growatt New Energy Co.. Ltd.,SPH 3600TL BL-US [240V],3.61 kW. 240 Vac Hybrid Grid Support Utility Interactive Inverter,3.608,240,94,15.128,,,150,380,480,0.360836,0.721672,1.082508,1.80418,2.70627,3.60836,84.92259147,90.04953714,92.90791546,93.78752048,94.43176735,94.4560057,93.51534665,84.86808295,90.93002565,93.85669029,94.56195693,95.55831983,95.97270963,94.50658338,82.49769267,88.98865674,92.29351262,94.46866127,94.73814936,95.61439137,93.65491965
Shenzhen Growatt New Energy Co.. Ltd.,MIN 3800TL-XH-US [240V],3.888 kW. 240 Vac Hybrid Grid Support Utility Interactive Inverter,3.888,240,97,1.593,,,160,380,480,0.388821,0.777642,1.166463,1.944105,2.9161575,3.88821,92.92259147,95.04953714,95.90791546,96.58752048,96.73176735,96.4560057,96.35234665,95.86808295,97.43002565,97.85669029,98.06195693,98.05831983,97.97270963,97.91158338,93.49769267,96.48865674,97.19351262,97.66866127,97.73814936,97.61439137,97.41991965
Shenzhen Growatt New Energy Co.. Ltd.,SPH 4000TL BL-US [240V],3.99 kW. 240 Vac Hybrid Grid Support Utility Interactive Inverter,3.988,240,95,15.128,,,180,380,480,0.398836,0.797672,1.196508,1.99418,2.99127,3.98836,86.92259147,91.04953714,92.90791546,94.58752048,95.13176735,95.1560057,94.21934665,86.56808295,92.23002565,94.35669029,95.66195693,96.25831983,96.17270963,95.31158338,84.49769267,91.08865674,93.39351262,95.16866127,96.13814936,96.01439137,94.88091965
Shenzhen Growatt New Energy Co.. Ltd.,SPH 4600TL BL-US [240V],4.6 kW. 240 Vac Hybrid Grid Support Utility Interactive Inverter,4.598,240,95,15.128,,,180,380,480,0.4597725,0.919545,1.3793175,2.2988625,3.44829375,4.597725,86.92259147,92.04953714,93.30791546,94.90952048,95.25376735,95.1880057,94.45122665,86.86808295,92.43002565,94.55669029,95.89695693,96.23231983,96.20770963,95.39490338,85.49769267,91.48865674,93.60351262,95.43266127,96.28214936,96.11639137,95.10297965
Shenzhen Growatt New Energy Co.. Ltd.,MIN 5000TL-XH-US [240V],4.943 kW. 240 Vac Hybrid Grid Support Utility Interactive Inverter,4.943,240,97.5,1.593,,,210,380,480,0.494322,0.988644,1.482966,2.47161,3.707415,4.94322,94.26736671,96.0278665,96.61765771,96.96880832,96.79762304,96.46260308,96.65552703,95.82744667,97.647558,97.99288996,98.19771931,98.02620092,97.77570276,97.93881524,95.15481203,97.21551349,97.70050641,97.98016335,97.81702084,97.60886798,97.69032767
Shenzhen Growatt New Energy Co.. Ltd.,SPH 5000TL BL-US [240V],4.95 kW. 240 Vac Hybrid Grid Support Utility Interactive Inverter,4.954,240,95,15.128,,,230,380,480,0.495367,0.990734,1.486101,2.476835,3.7152525,4.95367,88.26736671,92.0278665,93.91765771,95.16880832,95.59762304,95.46260308,94.82752703,88.82744667,93.647558,94.59288996,96.19771931,96.52620092,95.97570276,95.74581524,86.65481203,92.41551349,93.70050641,95.58016335,96.11702084,96.10886798,95.15032767
Shenzhen Growatt New Energy Co.. Ltd.,SPH 6000TL BL-US [240V],5.86 kW. 240 Vac Hybrid Grid Support Utility Interactive Inverter,5.864,240,96,15.128,,,230,380,480,0.586433,1.172866,1.759299,2.932165,4.3982475,5.86433,91.58160281,94.36039048,94.95395749,95.59154368,95.62795436,95.63975677,95.31478636,93.96577117,96.30207793,96.57995075,96.81420732,96.75581833,96.52155897,96.60097403,93.92662239,95.97007143,96.38283794,96.83432445,96.71143459,96.4756627,96.53756062
Shenzhen Growatt New Energy Co.. Ltd.,MIN 6000TL-XH-US [240V],5.918 kW. 240 Vac Hybrid Grid Support Utility Interactive Inverter,5.918,240,97,1.593,,,170,380,480,0.591775,1.18355,1.775325,2.958875,4.4383125,5.91775,93.49312456,95.071291,96.00912836,96.5067759,96.53749153,96.27697488,96.25952713,96.28355113,97.62350238,97.99501232,98.03233386,97.74045426,97.64068313,97.76318367,95.28287555,97.09345986,97.48994827,97.82790395,97.699789,97.4333255,97.56119608
Shenzhen Growatt New Energy Co.. Ltd.,MIN 7600TL-XH-US [240V],7.524 kW. 240 Vac Hybrid Grid Support Utility Interactive Inverter,7.524,240,97.5,1.593,,,212,380,480,0.752419,1.504838,2.257257,3.762095,5.6431425,7.52419,94.83208254,96.24428378,96.93715893,97.13586723,97.05492336,96.46805942,96.89900103,96.1030675,97.81999667,98.01033914,98.18748559,98.0301911,97.40812315,97.94214264,95.21910959,97.20338159,97.68378531,97.87494103,97.79265745,97.37820389,97.64374396
Shenzhen Growatt New Energy Co.. Ltd.,MIN 8200TL-XH-US [240V],8.2 kW. 240 Vac Hybrid Grid Support Utility Interactive Inverter with PCS Functionality,8.251,240,97.5,10,,,250,380,480,0.82514,1.65028,2.47542,4.1257,6.18855,8.2514,93.92576667,96.12466667,96.81426667,97.2666,97.26166667,97.07206667,97.00924867,95.5722,97.48633333,97.99163333,98.23906667,98.1842,98.0166,98.02486067,93.77426667,96.67336667,97.48676667,97.96093333,97.96600278,97.9229,97.67297347
Shenzhen Growatt New Energy Co.. Ltd.,MIN 9000TL-XH-US [240V],9 kW. 240 Vac Hybrid Grid Support Utility Interactive Inverter with PCS Functionality,9.063,240,97.5,10,,,250,380,480,0.90625,1.8125,2.71875,4.53125,6.796875,9.0625,94.23843333,96.2702,96.90796667,97.32346667,97.20003333,97.0403,97.017964,95.94816667,97.6026,98.07066667,98.25153333,98.1428,97.9914,98.03461267,94.3716,96.8985,97.63473333,98.0229,98.0409,97.9412,97.779503
Shenzhen Growatt New Energy Co.. Ltd.,MIN 10000TL-XH-US [240V],10 kW. 240 Vac Hybrid Grid Support Utility Interactive Inverter with PCS Functionality,10.082,240,97.5,10,,,250,380,480,1.0082,2.0164,3.0246,5.041,7.5615,10.082,95.12756667,96.4976,97.06753333,97.32963333,97.1985,96.92293333,97.07866133,96.3253,97.7618,98.13836667,98.29193333,98.1462,97.9316,98.073078,95.01343333,97.1984,97.78026667,98.05173333,98.00923333,97.87193333,97.82344367
Shenzhen Growatt New Energy Co.. Ltd.,MIN 11400TL-XH-US [240V],11.4 kW. 240 Vac Hybrid Grid Support Utility Interactive Inverter with PCS Functionality,11.52,240,98,10,,,250,380,480,1.152,2.304,3.456,5.76,8.64,11.52,95.36258,96.95720667,97.47749,97.68496,97.54334333,97.35388333,97.43917007,96.58192333,98.02755,98.39988667,98.52741667,98.43510333,98.25393667,98.34669993,95.45704667,97.19138667,97.74481333,97.97084667,97.83179333,97.65817333,97.71486573
Shenzhen GSL Energy Co.. Ltd.,GSL-H-12KLV-US [240V],12 kW. 240 Vac Grid support Utility Interactive Hybrid Inverter,11.933,240,97,14.29,,,230,360,480,1.193256,2.386512,3.579768,5.96628,8.94942,11.93256,95.02461324,96.09808566,96.53961038,96.49582192,96.12595562,95.90053688,96.19654799,96.59250222,97.19416049,97.51016782,97.3417097,97.23649914,97.10365026,97.25691435,95.81725156,97.00767822,97.4220601,97.26406569,97.13853106,97.03528522,97.1343607
Shenzhen Lux Power Technology Co.. Ltd.,LXP-LB-US 8K [240V],8 kW. 240 Vac Grid Support Utility Interactive Inverter,7.86266,240,96.5,18.84,,,210,360,480,0.786266,1.572532,2.358798,3.93133,5.896995,7.86266,92.95776156,94.88985128,95.74812861,96.28382028,95.97019528,95.86040542,95.82940449,95.57409211,96.57870313,96.68540537,97.0388621,96.74253789,96.74860224,96.74328372,94.68202979,96.178496,96.631815,96.93669003,96.75708777,96.79979634,96.66997503
Shenzhen Lux Power Technology Co.. Ltd.,LXP-LB-US 10K [240V],10 kW. 240 Vac Grid Support Utility Interactive Inverter,9.75858,240,96.5,14.3,,,210,360,480,0.975858,1.951716,2.927574,4.87929,7.318935,9.75858,93.0350086,95.04636146,95.74327906,96.03515341,95.43088112,95.34002858,95.47566254,95.1061134,96.65089063,97.07493131,97.21951837,96.62434735,96.52627002,96.73909728,94.21128257,96.10024708,96.68224314,96.9910652,96.57059479,96.53687612,96.55271557
Shenzhen Lux Power Technology Co.. Ltd.,LXP-LB-US 12K [240V],12kW. 240 Vac Grid Support Utility Interactive Hybrid Inverter,11.933,240,97,14.29,,,230,360,480,1.193256,2.386512,3.579768,5.96628,8.94942,11.93256,95.02461324,96.09808566,96.53961038,96.49582192,96.12595562,95.90053688,96.19654799,96.59250222,97.19416049,97.51016782,97.3417097,97.23649914,97.10365026,97.25691435,95.81725156,97.00767822,97.4220601,97.26406569,97.13853106,97.03528522,97.1343607
SMA America,SBS3.8-US-10 [240V],3.8 kW. 240 Vac. 1-phase. Sunny Boy Storage- Permanently-connected. Transformerless Multimode - Grid Support Utility Interactive and Standalone functionality - Inverter,3.8,240,96.5,6.53,,,220,360,550,0.381286,0.762572,1.143858,1.90643,2.859645,3.81286,92.6936,95.522,96.0988,96.4348,96.4124,96.2874,96.17995,93.606,96.4562,97.1022,97.4216,97.4656,97.3776,97.203498,88.5644,94.7228,96.0868,96.8482,97.0258,97.0206,96.421958
SMA America,SBS5.0-US-10 [240V],5.0 kW. 240 Vac. 1-phase. Sunny Boy Storage- Permanently-connected. Transformerless Multimode - Grid Support Utility Interactive and Standalone functionality - Inverter,5,240,96.5,6.53,,,220,360,550,0.501595,1.00319,1.504785,2.507975,3.7619625,5.01595,93.7572,95.9944,96.3534,96.4338,96.3082,96.1104,96.21238,94.6136,96.9314,97.3164,97.4512,97.3954,97.2108,97.253936,92.4176,95.7396,96.5304,96.9972,97.034,96.5908,96.694304
SMA America,SBS6.0-US-10 [240V],6.0 kW. 240 Vac. 1-phase. Sunny Boy Storage- Permanently-connected. Transformerless Multimode - Grid Support Utility Interactive and Standalone functionality - Inverter,6,240,96.5,6.53,,,220,360,550,0.602196,1.204392,1.806588,3.01098,4.51647,6.02196,94.4642,96.1546,96.429,96.4004,96.1916,95.9566,96.18124,95.8482,97.1984,97.4014,97.4512,97.284,96.9922,97.256898,93.2534,96.2388,96.799,97.0266,96.9664,96.8002,96.765744
SolarEdge Technologies Ltd.,SE3000H-US [240V],3.0 kW. 240 Vac HD-Wave technology hybrid Grid Support Utility Interactive Inverter,2.962,240,99,0,,,360,395,480,0.3,0.6,0.9,1.6,2.1,2.8,95.67,98.01,98.63,99.01,99.19,99.19,98.89,95.39,97.88,98.54,98.96,99.16,99.16,98.83,95.93,98.04,98.57,99,99.08,99.17,98.83
SolarEdge Technologies Ltd.,SE3800H-US [240V],3.8 kW. 240 Vac. 1-phase. HD-Wave technology Grid Support Utility Interactive Inverter,3.747,240,99,0,,,360,395,480,0.3,0.8,1.2,2,2.8,3.6,96.56,98.4,98.82,99.18,99.19,99.2,99,96.34,98.3,98.75,99.14,99.16,99.12,98.95,96.72,98.57,98.82,99.07,99.17,99.08,98.97
SolarEdge Technologies Ltd.,SE3800A-US [240V],3.8 kW. 240 Vac. 1-phase Grid Support Utility Interactive PV and Battery Inverter,3.79,240,98,2.24,,,360,400,480,0.38,0.76,1.14,1.9,2.84,3.79,96.1,97.6,98,98.1,98.1,98.2,98,95.7,97.3,97.8,98.1,98,98.2,97.9,94.6,96.8,97.5,97.9,97.9,97.8,97.6
SolarEdge Technologies Ltd.,SE6000H-US [240V],6 kW. 240 Vac. 1-phase. HD-Wave technology hybrid Grid Support Utility Interactive Inverter,6.046,240,99,4.52,,,360,395,480,0.5,1.3,1.9,3,4.3,5.8,97.17,98.61,98.9,98.95,98.95,98.98,98.96,96.95,98.51,98.82,98.89,98.9,98.95,98.79,96.65,98.32,98.7,98.83,98.85,98.71,98.7
SolarEdge Technologies Ltd.,SE7600H-US [240V],7.6 kW. 240 Vac. 1-phase Grid Support Utility Interactive Inverter,7.616,240,99,4.52,,,360,395,480,0.7,1.6,2.4,3.6,5.5,7.3,97.72,98.8,98.97,98.97,99.04,98.73,98.94,97.52,98.7,98.91,98.93,99.02,98.69,98.89,97.24,98.57,98.83,98.87,98.75,98.71,98.71
SolarEdge Technologies Ltd.,SE7600A-US [240V],7.6 kW. 240 Vac. 1-phase Grid Support Utility Interactive PV and Battery Inverter,7.625,240,97.5,2.16,,,360,400,480,0.7625,1.525,2.288,3.813,5.719,7.625,97,97.9,98,97.9,97.7,97.3,97.7,96.6,97.8,97.9,97.9,97.6,97.3,97.7,95.7,97.4,97.6,97.6,97.5,97.1,97.5
SolarEdge Technologies Ltd.,SE10000H-US [240V],10 kW. 240 Vac. 1-phase. HD-Wave technology Grid Support Utility Interactive Inverter,9.994,240,99,6,,,360,395,480,0.999,1.999,2.998,4.997,7.496,9.994,97.86,98.83,98.94,99.23,98.95,98.63,98.94,97.69,98.74,98.88,99.18,98.91,98.55,98.89,97.44,98.54,98.68,98.7,98.62,98.1,98.57
SolarEdge Technologies Ltd.,SE11400H-US [240V],11.4 kW. 240 Vac. HD-Wave technology Grid Support Utility Interactive Inverter,11.393,240,99,6,,,360,395,480,1.139,2.279,3.418,5.697,8.545,11.393,97.88,98.84,98.95,99.16,98.82,98.41,98.85,97.91,98.83,98.93,99.17,98.83,98.4,98.85,97.42,98.63,98.79,98.82,98.8,98.39,98.72
SolarJuice American Inc.,S4A-H60 [240V],6 kW. 240 Vac. 1-phase. transformerless. bidirectional. hybrid PV and Battery Grid Support Utility Interactive Inverter with PV arc detector,5.57,240,94,25,,,240,335,425,0.575,1.15,1.725,2.875,4.3125,5.75,86.86968282,91.49432334,93.19750713,94.27734796,94.5285771,94.41948009,93.85256728,86.53469254,91.71923739,93.53264188,94.76075866,95.11601262,95.14251447,94.33963832,85.94408366,91.05582687,93.11956528,94.55685226,95.05593394,95.18881225,94.1609271
SolarJuice American Inc.,S4A-A60 [240V],6 kW. 240 Vac. 1-phase. transformerless. bidirectional. battery Grid Support Utility Interactive Inverter,5.732,240,94,25,,,360,430,500,0.5732,1.1464,1.7196,2.866,4.299,5.732,86.11043474,91.38849464,93.35108744,94.7497621,94.83810856,95.05060446,94.13015041,85.90742769,91.67752373,93.5458963,95.09320206,94.94489841,95.31178927,94.3016389,85.57562449,91.81869845,93.69181619,94.56683252,94.96797215,95.20942456,94.20950914
SolarJuice American Inc.,S4A-H70 [240V],7 kW. 240 Vac. 1-phase. transformerless. bidirectional. hybrid PV and Battery Grid Support Utility Interactive Inverter with PV arc detector,6.666,240,94.5,25,,,290,360,425,0.6666,1.3332,1.9998,3.333,4.9995,6.666,88.19254533,92.4800246,93.86422265,94.72817737,94.85927755,94.66160392,94.31682431,87.89501674,92.55220901,93.98568097,94.93925504,95.14598543,95.08434622,94.54052598,87.18829039,91.84027836,93.66534625,94.81241511,95.18815169,95.18357601,94.43889346
SolarJuice American Inc.,S4A-A70 [240V],7 kW. 240 Vac. 1-phase. transformerless. bidirectional. battery Grid Support Utility Interactive Inverter,6.68,240,95,25,,,280,390,500,0.668,1.336,2.004,3.34,5.01,6.68,88.2923772,93.48385218,94.88248185,95.53001609,95.11351908,94.47592068,94.78705005,88.5638631,92.57622722,94.65479402,95.55142668,95.42783592,95.2339369,94.93419065,87.5631131,92.15809758,94.26124329,95.39276395,95.22659313,94.6733281,94.65801979
SolarJuice American Inc.,S4A-H76 [240V],7.6 kW. 240 Vac. 1-phase. transformerless. bidirectional. hybrid PV and Battery Grid Support Utility Interactive Inverter with PV arc detector,7.642,240,95.5,44,,,304,402,500,0.7641532,1.5283064,2.2924596,3.820766,5.731149,7.641532,91.70741818,94.57294389,95.3432084,95.73283453,95.65006363,95.38561424,95.40583862,90.55734915,94.48369558,95.23725446,95.75218786,95.75516252,95.5730134,95.41179553,93.45463945,95.5642993,96.16592466,96.48873914,96.36511039,96.14492525,96.19970149
SolarJuice American Inc.,S4A-A76 [240V],7.6 kW. 240 Vac. 1-phase. transformerless. bidirectional. battery Grid Support Utility Interactive Inverter,7.832,240,95.5,49.5,,,320,375,430,0.7832056,1.5664112,2.3496168,3.916028,5.874042,7.832056,91.43117354,94.9622193,95.62419916,95.75096782,95.44009596,94.97588249,95.32001003,92.29516324,94.86935798,95.60946117,95.93578666,95.74142197,95.33204636,95.56448093,92.76179911,95.06164026,95.71488524,95.90281805,95.76321778,95.43686893,95.61528087
SolarJuice American Inc.,S4A-H86 [240V],8.6 kW. 240 Vac. 1-phase. transformerless. bidirectional. hybrid PV and Battery Grid Support Utility Interactive Inverter with PV arc detector,8.604,240,96,40,,,258,379,500,0.860444,1.720888,2.581332,4.30222,6.45333,8.60444,92.69933436,94.53992862,95.29782475,95.6136113,95.4241476,94.94041372,95.27138606,92.8440511,95.28941579,95.9701449,96.18245071,95.87159855,95.52933717,95.78137896,93.69408391,95.77680652,96.27449932,96.51940873,96.29684427,95.89216436,96.19055511
SolarJuice American Inc.,S4A-A86 [240V],8.6 kW. 240 Vac. 1-phase. transformerless. bidirectional. battery Grid Support Utility Interactive Inverter,8.613,240,95.5,42,,,363,396.5,430,0.8613,1.7226,2.5839,4.3065,6.45975,8.613,93.0135086,95.28054918,95.80882018,95.92959765,95.63120674,95.18939281,95.57085094,92.85842601,95.24742892,95.80679966,95.99888651,95.74737358,95.32272793,95.64553501,92.57570967,95.11976236,95.72335138,95.98828037,95.83460377,95.45241136,95.66831811
Sol-Ark,5K-120V/8K-230V-1P [240V],8 kW. 240 Vac Grid Support Utility Interactive PV and Battery,7.9703,240,96.5,19.3,,,200,312.5,425,0.79703,1.59406,2.39109,3.98515,5.977725,7.9703,94.432,96.79,97.304,96.606,96.184,95.546,96.33534,94.82,97.058,97.568,96.802,96.458,95.99,96.60452,94.374,96.7,97.082,96.412,95.828,95.31,96.06066
Sol-Ark,Sol-Ark-8k-48-ST [240V],8 KW. 240 Vac Grid Support Utility Interactive PV and Battery Inverter with PCS functionality,7.976,240,96.5,13.4,,,240,370,425,0.797616552,1.595233104,2.392849656,3.98808276,5.98212414,7.97616552,91.8196158,94.91099778,95.52051377,97.07955087,96.98801209,97.13049899,96.52767321,91.670909,95.00084136,95.70773217,97.54654849,97.44586223,97.08346102,96.8870615,91.55133333,95.07170672,95.85843856,97.6006364,97.27396276,97.08678933,96.82432467
Sol-Ark,Sol-Ark-12K-P [240V],9 kW. 240 Vac Grid Support Utility Interactive PV and Battery Inverter with PCS functionality,8.98,240,96.5,13.4,,,240,370,425,0.898216838,1.796433676,2.694650513,4.491084189,6.7,9,91.8,94.9,95.6,97.1,97,97.1,96.5,91.6,95,95.7,97.5,97.4,97.1,96.9,91.6,95,95.8,97.6,97.2,97,96.8
Sol-Ark,Sol-Ark-9k-48-ST [240V],9 kW. 240 Vac Grid Support Utility Interactive PV and Battery Inverter,8.98,240,96.5,13.4,,,240,370,425,0.898216838,1.796433676,2.694650513,4.491084189,6.7,9,91.8,94.9,95.6,97.1,97,97.1,96.5,91.6,95,95.7,97.5,97.4,97.1,96.9,91.6,95,95.8,97.6,97.2,97,96.8
Sol-Ark,Limitless 15K-LV [240V],15 kW. 240 Vac Grid Support Utility Interactive PV and Battery Inverter with PCS functionality,15.04,240,96.5,21.2,,,200,320,425,1.50437274,3.00874548,4.51311822,7.5218637,11.28279555,15.0437274,93.582,95.8704,97.6968,97.062,96.661,96.4142,96.694476,93.693,96.1402,97.7394,97.2496,96.7728,96.4702,96.818968,93.6154,95.9584,97.6952,97.089,96.7006,96.4,96.725968
SolaX Power Network Technology (Zhe jiang) Co.. Ltd.,A1-HYB-3.8K-G2 [240V],3.8 kW. 240 Vac Grid support utility-interactive Power Conversion System. with Battery Interface (BI). A1-B1-200-G2.,3.805,240,97,1.2,,,175.4,337.9,499.5,0.38047,0.76094,1.14141,1.90235,2.853525,3.8047,92.7831873,95.37829826,96.12207692,96.53472782,96.58847256,96.4765394,96.3029019,94.0898888,96.21931352,96.88503092,97.32483226,97.46610851,97.44265329,97.16814989,91.46854075,96.31706681,97.12806981,97.44917425,97.65555409,97.66193092,97.23483016
SolaX Power Network Technology (Zhe jiang) Co.. Ltd.,A1-AC-3.8K-G2 [240V],3.8 kW. 240 Vac Grid support utility-interactive Power Conversion System. with Battery Interface (BI). A1-B1-200-G2.,3.81,240,95,1.2,,,75.6,262.8,450,0.38096,0.76192,1.14288,1.9048,2.8572,3.8096,89.55179198,92.85915019,93.71679751,94.01933347,93.77903261,93.4412167,93.59005304,88.02850599,94.02982192,95.58657049,96.46368299,96.74732313,96.84582754,96.06876586,87.54355429,93.89966382,95.47776569,96.37590334,96.85968925,97.01332635,96.07929857
SolaX Power Network Technology (Zhe jiang) Co.. Ltd.,A1-HYB-5.0K-G2 [240V],5.0 kW. 240 Vac Grid support utility-interactive Power Conversion System. with Battery Interface (BI). A1-B1-200-G2.,5.003,240,97.5,1.2,,,229.9,363.7,499.9,0.50027,1.00054,1.50081,2.50135,3.752025,5.0027,94.49959475,96.24517503,96.76564073,97.00817415,96.98372018,96.85201996,96.8198087,95.75458864,97.26119713,97.46570922,97.7249397,97.72389974,97.64050014,97.58705771,94.81215682,97.07102644,97.36779853,97.65909314,97.71178664,97.62790436,97.50722512
SolaX Power Network Technology (Zhe jiang) Co.. Ltd.,A1-AC-5.0K-G2 [240V],5.0 kW. 240 Vac Grid support utility-interactive Power Conversion System. with Battery Interface (BI). A1-B1-200-G2.,5.03,240,96,1.2,,,100.4,275.5,449.9,0.503,1.006,1.509,2.515,3.7725,5.03,91.35237194,94.11661559,94.75340416,95.02686845,94.86946878,94.5366646,94.69362821,91.14030683,95.31887376,96.21287865,96.69957709,96.90429052,96.9327501,96.46992406,89.75480458,95.136979,96.09047965,96.67982001,97.00810182,97.0804723,96.44897847
SolaX Power Network Technology (Zhe jiang) Co.. Ltd.,A1-Hybrid-6.0-US [240V],6.0 kW. 240 Vac Transformerless Hybrid Grid Support Utility Interactive Inverter with PV arc detector,5.57,240,94,25,,,240,335,425,0.575,1.15,1.725,2.875,4.3125,5.75,86.86968282,91.49432334,93.19750713,94.27734796,94.5285771,94.41948009,93.85256728,86.53469254,91.71923739,93.53264188,94.76075866,95.11601262,95.14251447,94.33963832,85.94408366,91.05582687,93.11956528,94.55685226,95.05593394,95.18881225,94.1609271
SolaX Power Network Technology (Zhe jiang) Co.. Ltd.,A1-Fit-6.0-US [240V],6.0 kW. 240 Vac Transformerless Bi-directional Grid Support Utility Interactive Battery Inverter,5.732,240,94,25,,,360,430,500,0.5732,1.1464,1.7196,2.866,4.299,5.732,86.11043474,91.38849464,93.35108744,94.7497621,94.83810856,95.05060446,94.13015041,85.90742769,91.67752373,93.5458963,95.09320206,94.94489841,95.31178927,94.3016389,85.57562449,91.81869845,93.69181619,94.56683252,94.96797215,95.20942456,94.20950914
SolaX Power Network Technology (Zhe jiang) Co.. Ltd.,A1-HYB-6.0K-G2 [240V],6.0 kW. 240 Vac Grid support utility-interactive Power Conversion System. with Battery Interface (BI). A1-B1-200-G2.,6.017,240,97.5,1.2,,,277,388.3,498.7,0.60166,1.20332,1.80498,3.0083,4.51245,6.0166,95.05932471,96.78007732,97.1224088,97.2712157,97.19268785,97.00290452,97.08529099,96.31286906,97.4580376,97.74778937,97.8565773,97.77581805,97.64504485,97.70846841,94.8068039,96.94408695,97.52456366,97.76568102,97.65707052,97.5828995,97.51060951
SolaX Power Network Technology (Zhe jiang) Co.. Ltd.,A1-AC-6.0K-G2 [240V],6.0 kW. 240 Vac Grid support utility-interactive Power Conversion System. with Battery Interface (BI). A1-B1-200-G2.,6.035,240,96,1.2,,,121.1,285.1,449.9,0.60349,1.20698,1.81047,3.01745,4.526175,6.0349,92.43536384,94.75172653,95.30643446,95.49571563,95.35294931,94.96695574,95.21128422,92.5819594,95.97506566,96.56137446,96.83847777,96.96419296,96.91499679,96.66224903,91.28307583,95.62424827,96.32675423,96.81116396,97.04612442,97.08130083,96.61060137
SolaX Power Network Technology (Zhe jiang) Co.. Ltd.,A1-Hybrid-7.0-US [240V],7.0 kW. 240 Vac Transformerless Hybrid Grid Support Utility Interactive Inverter with PV arc detector,6.666,240,94.5,25,,,290,360,425,0.6666,1.3332,1.9998,3.333,4.9995,6.666,88.19254533,92.4800246,93.86422265,94.72817737,94.85927755,94.66160392,94.31682431,87.89501674,92.55220901,93.98568097,94.93925504,95.14598543,95.08434622,94.54052598,87.18829039,91.84027836,93.66534625,94.81241511,95.18815169,95.18357601,94.43889346
SolaX Power Network Technology (Zhe jiang) Co.. Ltd.,A1-Fit-7.0-US [240V],7.0 kW. 240 Vac Transformerless Bi-directional Grid Support Utility Interactive Battery Inverter,6.68,240,95,25,,,280,390,500,0.668,1.336,2.004,3.34,5.01,6.68,88.2923772,93.48385218,94.88248185,95.53001609,95.11351908,94.47592068,94.78705005,88.5638631,92.57622722,94.65479402,95.55142668,95.42783592,95.2339369,94.93419065,87.5631131,92.15809758,94.26124329,95.39276395,95.22659313,94.6733281,94.65801979
SolaX Power Network Technology (Zhe jiang) Co.. Ltd.,A1-HYB-7.6K-G2 [240V],7.6 kW. 240 Vac Grid support utility-interactive Power Conversion System. with Battery Interface (BI). A1-B1-200-G2.,7.593,240,97.5,1.2,,,234.1,365.5,498.4,0.75932,1.51864,2.27796,3.7966,5.6949,7.5932,95.53009402,96.93545402,97.20776834,97.31903485,96.95340502,96.70557159,96.99048922,96.66766762,97.83574545,97.97051146,97.93703043,97.77402258,97.53346363,97.77863689,96.05748031,97.25003475,97.82063072,97.87415133,97.74812737,97.61844711,97.68427828
SolaX Power Network Technology (Zhe jiang) Co.. Ltd.,A1-AC-7.6K-G2 [240V],7.6 kW. 240 Vac Grid support utility-interactive Power Conversion System. with Battery Interface (BI). A1-B1-200-G2.,7.601,240,96.5,1.2,,,149.7,300.1,449.8,0.76005,1.5201,2.28015,3.80025,5.700375,7.6005,93.37099552,95.37116841,95.81067752,95.8958197,95.68554932,95.32020008,95.61815282,94.12395069,96.4540246,96.80952607,97.00540003,96.9851994,96.81220391,96.81870227,93.44129076,96.16888643,96.70563907,96.97965709,97.07955153,97.00646639,96.81898626
SolaX Power Network Technology (Zhe jiang) Co.. Ltd.,A1-Hybrid-7.6-US [240V],7.6 kW. 240 Vac. 1-phase. transformerless. bidirectional. hybrid PV and Battery Grid Support Utility Interactive Inverter with PV arc detector,7.642,240,95.5,44,,,304,402,500,0.7641532,1.5283064,2.2924596,3.820766,5.731149,7.641532,91.70741818,94.57294389,95.3432084,95.73283453,95.65006363,95.38561424,95.40583862,90.55734915,94.48369558,95.23725446,95.75218786,95.75516252,95.5730134,95.41179553,93.45463945,95.5642993,96.16592466,96.48873914,96.36511039,96.14492525,96.19970149
SolaX Power Network Technology (Zhe jiang) Co.. Ltd.,A1-Fit-7.6-US [240V],7.6 kW. 240 Vac. 1-phase. transformerless. bidirectional. battery Grid Support Utility Interactive Inverter,7.832,240,95.5,49.5,,,320,375,430,0.7832056,1.5664112,2.3496168,3.916028,5.874042,7.832056,91.43117354,94.9622193,95.62419916,95.75096782,95.44009596,94.97588249,95.32001003,92.29516324,94.86935798,95.60946117,95.93578666,95.74142197,95.33204636,95.56448093,92.76179911,95.06164026,95.71488524,95.90281805,95.76321778,95.43686893,95.61528087
SolaX Power Network Technology (Zhe jiang) Co.. Ltd.,A1-Hybrid-8.6-US [240V],8.6 kW. 240 Vac. 1-phase. transformerless. bidirectional. hybrid PV and Battery Grid Support Utility Interactive Inverter with PV arc detector,8.604,240,96,40,,,258,379,500,0.860444,1.720888,2.581332,4.30222,6.45333,8.60444,92.69933436,94.53992862,95.29782475,95.6136113,95.4241476,94.94041372,95.27138606,92.8440511,95.28941579,95.9701449,96.18245071,95.87159855,95.52933717,95.78137896,93.69408391,95.77680652,96.27449932,96.51940873,96.29684427,95.89216436,96.19055511
SolaX Power Network Technology (Zhe jiang) Co.. Ltd.,A1-Fit-8.6-US [240V],8.6 kW. 240 Vac. 1-phase. transformerless. bidirectional. battery Grid Support Utility Interactive Inverter,8.613,240,95.5,42,,,363,396.5,430,0.8613,1.7226,2.5839,4.3065,6.45975,8.613,93.0135086,95.28054918,95.80882018,95.92959765,95.63120674,95.18939281,95.57085094,92.85842601,95.24742892,95.80679966,95.99888651,95.74737358,95.32272793,95.64553501,92.57570967,95.11976236,95.72335138,95.98828037,95.83460377,95.45241136,95.66831811
Tabuchi Electric Co.. Ltd.,THD-S55P3BB-US [240V],5.5 kW. 240 Vac Grid Support Utility Interactive Hybrid Inverter with 3.3 kW Discharge Rate/20 kWh Storage Capacity,5.51892,240,94.5,10.1,,,240,380,520,0.55189,1.10378,1.65568,2.75946,4.13919,5.51892,89.3,93.3,94.3,94.7,94.1,94.2,94,89.7,93.7,94.7,95.4,95.5,95.4,95.1,88.8,93.1,94.3,95.1,95.2,94.9,94.7
Tabuchi Electric Co.. Ltd.,THD-S55P3B-US [240V],5.5 kW. 240 Vac Grid Support Utility Interactive Hybrid Inverter with 2 kW Discharge Rate/10 kWh Storage Capacity,5.51892,240,94.5,10.1,,,240,380,520,0.55189,1.10378,1.65568,2.75946,4.13919,5.51892,89.3,93.3,94.3,94.7,94.1,94.2,94,89.7,93.7,94.7,95.4,95.5,95.4,95.1,88.8,93.1,94.3,95.1,95.2,94.9,94.7
Tabuchi Electric Co.. Ltd.,THE-S55P3BB-USW [240V],"5.5 kW. 240 Vac Grid Support Utility Interactive Hybrid Inverter with 4.0 kW Discharge Rate/20 kWh Storage Capacity
",5.51892,240,94.5,10.1,,,240,380,520,0.551892,1.103784,1.655676,2.75946,4.13919,5.51892,89.326,93.286,94.304,94.656,94.048,94.174,93.98572,89.688,93.666,94.706,95.44,95.498,95.41,95.06238,88.78,93.076,94.276,95.094,95.166,94.922,94.67194
Tigo Energy. Inc,TSI-3.0K-US [240V],3.095 kW. 240 Vac Hybrid Grid Support Utility Interactive Inverter,3.095,240,97,1.593,,,125,380,480,0.309509,0.619018,0.928527,1.547545,2.3213175,3.09509,92.5494476,94.74195066,95.51872577,96.46602653,96.37781321,96.17353574,96.04810589,94.95307536,96.97742034,97.28397506,97.78210464,97.76090828,97.44928916,97.54105886,93.24886988,95.99919755,96.7283146,97.21557376,97.34873839,97.38890997,97.01685976
Tigo Energy. Inc,TSI-3.8K-US [240V],3.888 kW. 240 Vac Hybrid Grid Support Utility Interactive Inverter,3.888,240,97,1.593,,,160,380,480,0.388821,0.777642,1.166463,1.944105,2.9161575,3.88821,92.92259147,95.04953714,95.90791546,96.58752048,96.73176735,96.4560057,96.35234665,95.86808295,97.43002565,97.85669029,98.06195693,98.05831983,97.97270963,97.91158338,93.49769267,96.48865674,97.19351262,97.66866127,97.73814936,97.61439137,97.41991965
Tigo Energy. Inc,TSI-5.0K-US [240V],4.943 kW. 240 Vac Hybrid Grid Support Utility Interactive Inverter,4.943,240,97.5,1.593,,,210,380,480,0.494322,0.988644,1.482966,2.47161,3.707415,4.94322,94.26736671,96.0278665,96.61765771,96.96880832,96.79762304,96.46260308,96.65552703,95.82744667,97.647558,97.99288996,98.19771931,98.02620092,97.77570276,97.93881524,95.15481203,97.21551349,97.70050641,97.98016335,97.81702084,97.60886798,97.69032767
Tigo Energy. Inc,TSI-6.0K-US [240V],5.918 kW. 240 Vac Hybrid Grid Support Utility Interactive Inverter,5.918,240,97,1.593,,,170,380,480,0.591775,1.18355,1.775325,2.958875,4.4383125,5.91775,93.49312456,95.071291,96.00912836,96.5067759,96.53749153,96.27697488,96.25952713,96.28355113,97.62350238,97.99501232,98.03233386,97.74045426,97.64068313,97.76318367,95.28287555,97.09345986,97.48994827,97.82790395,97.699789,97.4333255,97.56119608
Tigo Energy. Inc,TSI-7.6K-US [240V],7.524 kW. 240 Vac Hybrid Grid Support Utility Interactive Inverter,7.524,240,97.5,1.593,,,212,380,480,0.752419,1.504838,2.257257,3.762095,5.6431425,7.52419,94.83208254,96.24428378,96.93715893,97.13586723,97.05492336,96.46805942,96.89900103,96.1030675,97.81999667,98.01033914,98.18748559,98.0301911,97.40812315,97.94214264,95.21910959,97.20338159,97.68378531,97.87494103,97.79265745,97.37820389,97.64374396
Tigo Energy. Inc,TSI-8.2K-US [240V],8.2 kW. 240 Vac Hybrid Grid Support Utility Interactive Inverter with PCS Functionality,8.251,240,97.5,10,,,250,380,480,0.82514,1.65028,2.47542,4.1257,6.18855,8.2514,93.92576667,96.12466667,96.81426667,97.2666,97.26166667,97.07206667,97.00924867,95.5722,97.48633333,97.99163333,98.23906667,98.1842,98.0166,98.02486067,93.77426667,96.67336667,97.48676667,97.96093333,97.96600278,97.9229,97.67297347
Tigo Energy. Inc,TSI-9.0K-US [240V],9 kW. 240 Vac Hybrid Grid Support Utility Interactive Inverter with PCS Functionality,9.063,240,97.5,10,,,250,380,480,0.90625,1.8125,2.71875,4.53125,6.796875,9.0625,94.23843333,96.2702,96.90796667,97.32346667,97.20003333,97.0403,97.017964,95.94816667,97.6026,98.07066667,98.25153333,98.1428,97.9914,98.03461267,94.3716,96.8985,97.63473333,98.0229,98.0409,97.9412,97.779503
Tigo Energy. Inc,TSI-10.0K-US [240V],10 kW. 240 Vac Hybrid Grid Support Utility Interactive Inverter with PCS Functionality,10.082,240,97.5,10,,,250,380,480,1.0082,2.0164,3.0246,5.041,7.5615,10.082,95.12756667,96.4976,97.06753333,97.32963333,97.1985,96.92293333,97.07866133,96.3253,97.7618,98.13836667,98.29193333,98.1462,97.9316,98.073078,95.01343333,97.1984,97.78026667,98.05173333,98.00923333,97.87193333,97.82344367
Tigo Energy. Inc,TSI-11.4K-US [240V],11.4 kW. 240 Vac Hybrid Grid Support Utility Interactive Inverter with PCS Functionality,11.52,240,98,10,,,250,380,480,1.152,2.304,3.456,5.76,8.64,11.52,95.36258,96.95720667,97.47749,97.68496,97.54334333,97.35388333,97.43917007,96.58192333,98.02755,98.39988667,98.52741667,98.43510333,98.25393667,98.34669993,95.45704667,97.19138667,97.74481333,97.97084667,97.83179333,97.65817333,97.71486573
Xiamen Kehua Digital Energy Tech Co.. Ltd.,iStoragE2A 7600 [240V],7.6 kW. 240 Vac Grid Support Utility Interactive Inverter,7.581022791,240,97,2.5,,,300,370,440,0.758102279,1.516204558,2.274306837,3.790511395,5.685767093,7.581022791,94.2651,95.2225,96.16303333,96.92336667,97.11246667,97.06363333,96.747989,95.2164,96.18356667,96.79353333,97.36493333,97.6024,97.53476667,97.28570467,94.82433333,95.83336667,96.55146667,97.2034,97.42313333,97.3541,97.08549733
Xiamen Kehua Digital Energy Tech Co.. Ltd.,iStoragE2A 9600 [240V],9.6 kW. 240 Vac Grid Support Utility Interactive Inverter ,9.573264647,240,97,2.5,,,300,370,440,0.957326465,1.914652929,2.871979394,4.786632323,7.179948485,9.573264647,94.32396667,95.43376667,96.47356667,97.01263333,97.09136667,97.01333333,96.803219,95.76353333,96.41273333,97.04223333,97.48393333,97.57346667,97.40476667,97.35204767,94.89073333,95.98466667,96.8438,97.3145,97.39463333,97.234,97.13301933
Xiamen Kehua Digital Energy Tech Co.. Ltd.,iStoragE2A 10000 [240V],10 kW. 240 Vac Grid Support Utility Interactive Inverter,9.956302007,240,97,2.5,,,300,370,440,0.995630201,1.991260401,2.986890602,4.978151003,7.467226505,9.956302007,94.33373333,95.61356667,96.5122,97.03076667,97.07283333,96.98256667,96.80968267,95.79346667,96.47503333,97.07333333,97.50486667,97.54303333,97.37263333,97.34675167,95.18403333,96.08433333,96.88296667,97.3434,97.36516667,97.2134,97.14385633
Xiamen Kehua Digital Energy Tech Co.. Ltd.,iStoragE2A 11400 [240V],11.4 kW. 240 Vac Grid Support Utility Interactive Inverter,11.37051,240,97,2.5,,,300,370,440,1.137051,2.274102,3.411153,5.685255,8.5278825,11.37051,94.3642,96.05503333,96.9052,97.10186667,97.04366667,96.9028,96.875619,95.81253333,96.79436667,97.33526667,97.60363333,97.47246667,97.26343333,97.37279367,95.284,96.55316667,97.16216667,97.41396667,97.30383333,97.08306667,97.18059633
Xiamen Kehua Digital Energy Tech Co.. Ltd.,iStoragE2A 12000 [240V],"12 kW. 240 Vac Grid Support Utility Interactive Inverter
",11.96817,240,97,2.5,,,300,370,440,1.196817,2.393634,3.590451,5.984085,8.9761275,11.96817,94.38413333,96.0625,96.92373333,97.1216,97.01313333,96.87133333,96.86540167,95.83433333,96.81496667,97.34276667,97.62316667,97.4548,97.22296667,97.368311,95.31543333,96.57346667,97.1839,97.44216667,97.28203333,97.03996667,97.17768967
